age,experience_years,monthly_target,target_achievement,working_hours_per_week,overtime_hours_per_week,salary,commission_rate,job_satisfaction,manager_support_score,company_tenure_years,distance_to_office_km,overtime_ratio,tenure_per_age,performance_gap,salary_per_hour,satisfaction_support_mean,commuting_work_ratio,salary_commission_rate,education,work_location,gender_Male,marital_status_Single
-1.1636284032699657,0.4965842009800195,1.0514011628813071,0.21995813427704622,1.146229053894884,-1.30697327786418,-0.09566729139551126,1.7900993471668274,0.41885889818225275,-1.358819394135032,0.6344643339895978,-0.9994825356580492,-1.3080719786168922,1.1665314630322385,-0.21995813427704572,-0.6488133043495342,-0.6654659472597242,-1.0723080597522483,1.340523173000827,0.022645422182824185,-1.7191040566661766,0.6488136461454179,0.8037975708966928
-0.5829936160465304,1.1862844801189352,0.22643580418408196,1.3018968173908967,0.6885954952593719,-0.9553409851817035,-1.4714960158496124,-0.3849909896093904,-1.3635193919549924,-0.4633865149686188,0.14051184263108982,-0.1368526388390909,-0.9934510056174223,0.28691506012862406,-1.301896817390896,-1.5061325294635288,-1.300755634381179,-0.3173715679417873,-0.4772042368210057,1.3166695469156378,-0.41304209528636526,0.6488136461454179,-1.244094329477047
-0.0023588288230951236,-0.5379662177283542,-0.04855264871499306,0.6527336075225861,-0.9131219599649206,0.627004331889441,0.4780638248404344,1.3550812798115834,-0.47233024688636976,-0.4633865149686188,-0.5651345735953498,-0.35251011304383045,0.9248518067374011,-0.563507724785404,-0.6527336075225856,0.9456256637849122,-0.6654659472597242,-0.1509800553257923,1.8380809608500446,1.3166695469156378,-0.41304209528636526,0.6488136461454179,0.8037975708966928
-1.018469706464107,-0.19311607815889628,1.6013780686794572,1.6481171959873282,1.37504583321264,-1.6586055705466567,-0.3155877237470664,-1.2550271243198776,-1.3635193919549924,1.3274792433642073,0.7050289756122418,-1.0713683603929625,-1.5856787194987771,1.135385094675456,-1.6481171959873273,-0.8789085677949815,-0.03017626013826931,-1.143656693091671,-0.530502783443847,0.022645422182824185,0.8930198660934462,-1.5412746108855286,0.8037975708966928
-1.3087871000758247,0.4965842009800195,-0.4610353280636056,-0.16953979164393965,0.5741871056004938,1.3302689172543942,-0.07925354171109371,0.05002707774585293,-1.3635193919549924,1.3274792433642073,0.42277040912166597,1.7321788042686521,0.9739495354121637,1.0315638668195144,0.16953979164394012,-0.4126781561341061,-0.03017626013826931,1.2859974940406256,-0.08415469019982717,-1.2713787025499892,-0.41304209528636526,0.6488136461454179,0.8037975708966928
-1.1636284032699657,0.15173406141056162,-1.5609891396599058,-1.4245886640560055,-0.9131219599649206,0.0995558928657262,-1.4084443841943821,1.7900993471668274,-0.47233024688636976,1.3274792433642073,-0.5651345735953498,-0.5681675872485701,0.3454986083752062,-0.21013801833754506,1.4245886640560061,-0.9022792289324199,0.6051134269831855,-0.38496811994203517,-0.6463001836050951,1.3166695469156378,-0.41304209528636526,-1.5412746108855286,0.8037975708966928
1.4492281392354933,-0.882816357297812,1.509715251046432,-0.6023152648894795,-1.1419387392826768,-1.1311571315229418,-1.4707599010248493,-1.690045191675121,-0.47233024688636976,0.43204636419779424,1.4812400334613256,-0.7119392367183964,-0.9799912848473915,0.545052764192254,0.60231526488948,-0.8576845030742709,-0.03017626013826931,-0.4913263311312364,-1.4414299570598992,0.022645422182824185,-0.41304209528636526,0.6488136461454179,0.8037975708966928
0.5782759584003403,0.15173406141056162,0.2493515085923382,-1.4245886640560055,-0.5698967909882866,1.5060850635956324,-0.46853221296561043,0.4850451451010968,-1.3635193919549924,0.43204636419779424,0.06994720100844609,-0.7838250614533097,1.6776168467862398,-0.19044004483622867,1.4245886640560061,-0.1839895904735771,-0.6654659472597242,-0.6810346506809545,-0.6789790548203871,1.3166695469156378,-0.41304209528636526,-1.5412746108855286,0.8037975708966928
1.3040694424296344,1.1862844801189352,1.0055697540647945,-0.7754254541876957,0.5741871056004938,-0.9553409851817035,1.1243040023022821,0.9200632124563402,-1.3635193919549924,0.43204636419779424,-0.6356992152179938,0.7976630827147806,-0.9834132477550265,-0.8483419375719966,0.7754254541876962,0.506487090541432,-0.6654659472597242,0.49546154691908173,0.6313953793346104,-1.2713787025499892,-0.41304209528636526,-1.5412746108855286,0.8037975708966928
-0.14751752562895395,0.4965842009800195,-0.8276865985957056,0.5229009655489245,-0.22667162201165245,-1.6586055705466567,-0.5717857997365174,1.3550812798115834,1.3100480432508752,1.3274792433642073,-0.8473931400859257,1.2289780311242597,-1.5856787194987771,-0.7820632072889627,-0.522900965548924,-0.4524968850442783,1.8756928012260952,1.1959512397087335,0.8813908634789911,1.3166695469156378,0.8930198660934462,0.6488136461454179,0.8037975708966928
-1.1636284032699657,-0.882816357297812,0.043110168918031946,-0.29937243361760174,1.7182710021892742,-0.6037086924992269,-0.18655961218902187,-1.2550271243198776,-1.3635193919549924,-0.4633865149686188,-0.21231136548213006,-0.4243959377787437,-0.8132077883491838,0.19476477030062636,0.2993724336176022,-0.8993623193152288,-1.300755634381179,-0.6969522060970256,-0.9697739224270971,0.022645422182824185,0.8930198660934462,-1.5412746108855286,0.8037975708966928
0.4331172615944814,-0.5379662177283542,1.2576425025556133,0.4363458708998164,-1.599572297918189,1.3302689172543942,0.9959622775456342,0.9200632124563402,-1.3635193919549924,-1.358819394135032,-1.1296517065765015,1.6602929795337389,2.1897729564948603,-1.1054230732152803,-0.4363458708998159,2.16395914630548,-1.9360453215026339,2.582780499607311,1.6320318090350474,-1.2713787025499892,0.8930198660934462,0.6488136461454179,0.8037975708966928
0.7234346552061991,-0.5379662177283542,1.0514011628813071,1.3451743647154508,-0.9131219599649206,-0.7795248388404652,-0.5117773830323772,-1.2550271243198776,-1.3635193919549924,-1.358819394135032,1.6223693167066136,-1.1432541851278757,-0.6200900555617855,0.9427693956269332,-1.3451743647154502,-0.023960581470405584,-1.9360453215026339,-1.008936292252016,-0.6665102052032533,0.022645422182824185,0.8930198660934462,0.6488136461454179,0.8037975708966928
-1.4539457968816836,-1.22766649686727,-0.7818551897791931,0.7825662494962483,-1.0275303496237986,-0.6037086924992269,0.08133995797485057,-1.690045191675121,0.41885889818225275,0.43204636419779424,-1.2002163481991457,-0.927596710923136,-0.40122329173606736,-0.8755869492298446,-0.7825662494962476,0.6424490378983246,0.6051134269831855,-0.7558825334818571,-0.997671504463075,0.022645422182824185,-1.7191040566661766,-1.5412746108855286,-1.244094329477047
0.14279986798276373,-0.19311607815889628,-0.20896257957278683,0.4796234182243705,-0.6843051806471646,-0.9553409851817035,0.7027560462510865,-0.820009056964634,0.41885889818225275,-0.4633865149686188,1.1989814669707495,-0.2806242883089173,-0.8453940771470836,0.8926266354240633,-0.47962341822436994,0.9801778932148753,-0.03017626013826931,-0.13798071840266765,-0.14023228891156334,-1.2713787025499892,0.8930198660934462,0.6488136461454179,0.8037975708966928
-1.5991044936875425,-0.5379662177283542,1.0972325716978195,-0.6023152648894795,-1.3707555186004328,-0.25207639981675034,-1.2159317970594101,-0.820009056964634,-0.47233024688636976,0.43204636419779424,-0.9885224233312137,0.006919010630735487,0.10640046301937962,-0.5635077247854041,0.60231526488948,-0.4686026073824177,-0.03017626013826931,0.4172766730279401,-1.074349223029183,-1.2713787025499892,-0.41304209528636526,0.6488136461454179,-1.244094329477047
1.5943868360413522,-0.5379662177283542,1.4638838422299196,0.4363458708998164,-0.7987135703060426,1.3302689172543942,-1.6778848226879204,-0.3849909896093904,1.3100480432508752,-1.358819394135032,0.7755936172348858,-1.646454958272268,1.6274716430489997,0.03464412206644035,-0.4363458708998159,-1.21133562792321,-0.03017626013826931,-1.5565679328432225,-0.7995499189204692,1.3166695469156378,-0.41304209528636526,-1.5412746108855286,0.8037975708966928
0.5782759584003403,1.1862844801189352,0.8451598232070008,0.3065132289261543,1.4894542228715182,0.27537203920696446,1.1916462518609365,-0.820009056964634,-0.47233024688636976,0.43204636419779424,-0.4945699319727059,1.4446355053289994,-0.12720748382081357,-0.6281727893099279,-0.3065132289261538,0.0987874711498301,-0.03017626013826931,0.7232738577428561,-0.0467271317716971,1.3166695469156378,0.8930198660934462,0.6488136461454179,-1.244094329477047
0.8685933520120579,-1.22766649686727,0.6160027791244382,0.34979077625070837,0.5741871056004938,0.27537203920696446,-0.88881665698648,1.3550812798115834,1.3100480432508752,0.43204636419779424,-0.8473931400859257,-0.49628176251365685,0.07055132779653743,-0.941039462443373,-0.3497907762507078,-1.0309471240391817,1.2404031141046403,-0.5991266875569013,0.5228081402439062,1.3166695469156378,-1.7191040566661766,-1.5412746108855286,0.8037975708966928
1.1589107456237755,-0.19311607815889628,0.9368226408400258,1.604839648662774,0.8030038849182499,-1.6586055705466567,1.5059504725620858,-0.820009056964634,1.3100480432508752,-0.4633865149686188,-0.4945699319727059,1.2289780311242597,-1.5856787194987771,-0.7295986691270044,-1.6048396486627734,0.6640106977257603,0.6051134269831855,0.7785790866196093,0.6880833097498622,0.022645422182824185,0.8930198660934462,0.6488136461454179,0.8037975708966928
1.5943868360413522,-1.5725166364367278,0.36393003063361945,-0.42920507559126386,-1.0275303496237986,-1.1311571315229418,1.5193826420286,-0.820009056964634,-0.47233024688636976,1.3274792433642073,1.2695461085933937,1.0852063816544333,-0.9934510056174223,0.35672588575589514,0.4292050755912643,2.082367867327263,0.6051134269831855,1.4765369274494076,-0.29353550196429384,-1.2713787025499892,0.8930198660934462,-1.5412746108855286,-1.244094329477047
-0.5829936160465304,0.15173406141056162,0.9826540496565382,0.34979077625070837,0.11655354696498167,-0.42789254615798866,-0.0014908198757265507,-1.2550271243198776,1.3100480432508752,-0.4633865149686188,1.0578521837254613,1.0852063816544333,-0.45506217481619066,1.194455793283146,-0.3497907762507078,-0.13990830943311586,0.6051134269831855,0.9111839470836978,-0.7612373226376024,-1.2713787025499892,-1.7191040566661766,-1.5412746108855286,0.8037975708966928
0.14279986798276373,0.8414343405494774,0.6160027791244382,1.56156210133822,0.4597787159416158,-0.9553409851817035,-1.0131009952732397,-0.820009056964634,-1.3635193919549924,-1.358819394135032,-0.8473931400859257,-0.927596710923136,-0.9730293603111687,-0.8341646690622567,-1.5615621013382193,-1.0885979416393778,-1.9360453215026339,-0.9524564145860263,-0.46813208365743636,0.022645422182824185,-1.7191040566661766,-1.5412746108855286,0.8037975708966928
0.2879585647886226,-1.22766649686727,1.0514011628813071,1.3451743647154508,-1.0275303496237986,-0.6037086924992269,-1.5631181479156284,0.05002707774585293,1.3100480432508752,1.3274792433642073,-0.7062638568406376,0.07880483536564868,-0.40122329173606736,-0.7422959691191422,-1.3451743647154502,-1.0041545136762564,1.8756928012260952,0.36032719698377536,-0.26922684941151853,1.3166695469156378,0.8930198660934462,0.6488136461454179,0.8037975708966928
-0.14751752562895395,1.1862844801189352,1.3493053201886382,-0.5157601702403715,-1.1419387392826768,0.27537203920696446,-1.350553961048837,0.4850451451010968,0.41885889818225275,1.3274792433642073,-0.5651345735953498,-0.927596710923136,0.6351752075563037,-0.5289989643901053,0.5157601702403719,-0.734586218739283,1.2404031141046403,-0.7359502168663993,-0.5982315517819962,0.022645422182824185,0.8930198660934462,0.6488136461454179,-1.244094329477047
1.3040694424296344,-1.5725166364367278,1.418052433413407,0.21995813427704622,-0.45548840132940854,-1.4827894242054183,-0.49802863516358614,-0.820009056964634,0.41885889818225275,-0.4633865149686188,-1.3413456314444334,-1.3589116593326152,-1.4080104053343707,-1.3303690669031534,-0.21995813427704572,-0.2726370445146959,-0.03017626013826931,-1.274122765483758,-0.642400911013083,1.3166695469156378,0.8930198660934462,0.6488136461454179,-1.244094329477047
0.8685933520120579,1.1862844801189352,-1.1943378691278057,1.2586192700663428,-0.22667162201165245,-1.1311571315229418,0.15405423484647623,-1.690045191675121,-0.47233024688636976,-0.4633865149686188,-0.5651345735953498,1.3727496805940862,-1.0731739671014509,-0.73339700673149,-1.258619270066342,0.1764534062661034,-0.6654659472597242,1.3339442008926714,-0.8976941035479588,-1.2713787025499892,0.8930198660934462,-1.5412746108855286,-1.244094329477047
0.7234346552061991,-0.5379662177283542,0.776412709982232,0.6094560601980326,0.11655354696498167,-1.6586055705466567,-0.33097539520286556,1.3550812798115834,0.41885889818225275,-0.4633865149686188,-0.07118208223684198,1.4446355053289994,-1.5856787194987771,-0.3358709895462407,-0.609456060198032,-0.40983830421178835,-0.03017626013826931,1.237349128063915,1.136551697327316,-1.2713787025499892,-0.41304209528636526,0.6488136461454179,-1.244094329477047
-1.4539457968816836,-0.5379662177283542,-0.9193494162287307,1.3018968173908967,0.5741871056004938,-0.07626025347551207,-1.347890360022601,0.05002707774585293,1.3100480432508752,0.43204636419779424,0.21107648425373385,-1.646454958272268,-0.2305814080753379,0.8848599578926405,-1.301896817390896,-1.3815448961127696,1.2404031141046403,-1.5720940070911087,-0.14472723494795958,1.3166695469156378,-0.41304209528636526,-1.5412746108855286,0.8037975708966928
1.0137520488179168,0.8414343405494774,-0.7360237809626806,1.0422315334435726,0.6885954952593719,-1.30697327786418,-0.688472256368634,-0.820009056964634,0.41885889818225275,0.43204636419779424,0.5638996923669537,-0.0649668141041777,-1.2895648625580998,0.05304879427726617,-1.042231533443572,-0.9180985296719302,0.6051134269831855,-0.25757461809541393,-0.4701910139426725,0.022645422182824185,-0.41304209528636526,-1.5412746108855286,0.8037975708966928
0.4331172615944814,0.15173406141056162,0.501424257083157,0.0901254923033846,-1.0275303496237986,1.6819012099368706,-1.5310225610033845,-1.690045191675121,-0.47233024688636976,1.3274792433642073,0.3522057674990219,0.36634813430530144,2.165096801749804,0.07554339364605363,-0.0901254923033841,-0.9720170531898707,0.6051134269831855,0.679244262831099,-1.3766141859542285,-1.2713787025499892,0.8930198660934462,0.6488136461454179,0.8037975708966928
-1.018469706464107,-0.5379662177283542,-0.02563694430673681,0.6527336075225861,-0.6843051806471646,-0.7795248388404652,1.4967675977119728,1.3550812798115834,-1.3635193919549924,1.3274792433642073,-0.9179577817085696,-0.6400534119834832,-0.6603229165591601,-0.6555310858395339,-0.6527336075225856,1.7255348872283178,-0.03017626013826931,-0.5117116549424999,2.682418141042023,-1.2713787025499892,-0.41304209528636526,0.6488136461454179,0.8037975708966928
-0.43783491924067164,-0.5379662177283542,-0.5068667368801181,0.8258437968208023,-0.1122632323527744,0.0995558928657262,-0.14353436605658018,0.9200632124563402,-0.47233024688636976,-1.358819394135032,0.06994720100844609,1.8040646290035653,0.09043745186354817,0.15427449143680944,-0.8258437968208017,-0.14189948536275204,-1.300755634381179,1.6841338854066277,1.0981486263331395,0.022645422182824185,-0.41304209528636526,0.6488136461454179,-1.244094329477047
0.7234346552061991,1.1862844801189352,-0.5756138501048869,-1.1216458327841277,-1.3707555186004328,-0.7795248388404652,-1.431796944125163,0.9200632124563402,1.3100480432508752,-0.4633865149686188,-0.21231136548213006,-1.5745691335373548,-0.5281292304249292,-0.4424243549773385,1.1216458327841279,-0.7001884387877576,0.6051134269831855,-1.4620560364295019,-0.741876383547293,1.3166695469156378,0.8930198660934462,-1.5412746108855286,0.8037975708966928
-1.5991044936875425,-1.22766649686727,0.7534970055739758,-1.0350907381350194,1.4894542228715182,1.6819012099368706,0.340093774207461,1.3550812798115834,1.3100480432508752,-1.358819394135032,-0.0006174406141979493,1.8040646290035653,0.9334988693995234,0.7248193299724146,1.0350907381350198,-0.4738969405115436,-0.03017626013826931,0.9910213943684076,0.28515503997690184,0.022645422182824185,-0.41304209528636526,-1.5412746108855286,-1.244094329477047
0.8685933520120579,1.1862844801189352,0.31809862181710696,-0.8187030015122497,1.603862612530396,-1.4827894242054183,-0.7991094040174216,0.4850451451010968,-1.3635193919549924,-1.358819394135032,-0.0006174406141979493,0.5101197837751278,-1.4550402532014195,-0.31811209530772433,0.8187030015122502,-1.270138404163535,-1.9360453215026339,0.0027179871182102617,-0.49098941622339176,1.3166695469156378,0.8930198660934462,0.6488136461454179,-1.244094329477047
-0.2926762224348128,-0.5379662177283542,1.5326309554546884,-1.5976988533542218,-1.0275303496237986,0.627004331889441,1.2193937885047414,0.05002707774585293,-0.47233024688636976,-0.4633865149686188,0.7755936172348858,-1.2151400098627887,0.9806413739870938,0.7485672941154159,1.5976988533542222,1.7819876327224475,-0.6654659472597242,-1.0747995993291806,-0.493691380361459,1.3166695469156378,-1.7191040566661766,0.6488136461454179,-1.244094329477047
1.0137520488179168,-1.5725166364367278,-1.6297362528846744,0.3065132289261543,1.4894542228715182,0.27537203920696446,1.3299412856325303,0.05002707774585293,-1.3635193919549924,-1.358819394135032,0.3522057674990219,-0.7838250614533097,-0.12720748382081357,-0.09878975146204803,-0.3065132289261538,0.1917933775731376,-1.9360453215026339,-0.9367608693355629,0.8716215008762721,0.022645422182824185,0.8930198660934462,0.6488136461454179,0.8037975708966928
-1.1636284032699657,0.8414343405494774,1.1659796849225883,-0.2128173389684937,0.002145157306103638,1.3302689172543942,-0.3473534247578227,-0.820009056964634,-0.47233024688636976,-0.4633865149686188,-1.0590870649538575,-0.7119392367183964,1.2109521516076212,-0.7770019224309854,0.21281733896849414,-0.37021829679529566,-0.6654659472597242,-0.7027296891739698,-0.7298010631055591,1.3166695469156378,0.8930198660934462,0.6488136461454179,-1.244094329477047
1.4492281392354933,1.5311346196883933,0.22643580418408196,1.56156210133822,0.11655354696498167,-1.6586055705466567,0.572806915668719,-1.2550271243198776,-0.47233024688636976,1.3274792433642073,1.4812400334613256,0.29446230957038827,-1.5856787194987771,0.545052764192254,-1.5615621013382193,0.3305846858854023,0.6051134269831855,0.1936205489272196,-0.2509620732189925,1.3166695469156378,-0.41304209528636526,0.6488136461454179,0.8037975708966928
1.5943868360413522,-0.5379662177283542,-0.5756138501048869,-0.9052580961613579,0.6885954952593719,0.4511881855482028,-1.6046711643985438,1.7900993471668274,1.3100480432508752,1.3274792433642073,0.49333505074430967,-0.7838250614533097,0.19100442214528765,-0.14940260004181954,0.9052580961613582,-1.6061442013008898,1.8756928012260952,-0.8555441165591456,-0.47155045940315454,0.022645422182824185,-1.7191040566661766,0.6488136461454179,0.8037975708966928
-0.5829936160465304,-1.22766649686727,0.36393003063361945,1.0422315334435726,0.3453703262827378,0.0995558928657262,0.3886752514577386,1.3550812798115834,0.41885889818225275,-0.4633865149686188,0.14051184263108982,0.5101197837751278,-0.027184735600474862,0.28691506012862406,-1.042231533443572,0.05808490226326386,-0.03017626013826931,0.3183644251617591,2.099825900848951,-1.2713787025499892,0.8930198660934462,0.6488136461454179,0.8037975708966928
1.5943868360413522,0.8414343405494774,1.211811093739101,-1.5544213060296677,0.5741871056004938,-1.4827894242054183,-0.7053895898389742,0.4850451451010968,-1.3635193919549924,0.43204636419779424,-1.6236041979350095,1.3727496805940862,-1.4351123515628395,-1.5297530158537682,1.5544213060296683,-0.8908626002370247,-0.6654659472597242,0.9819452066861853,-0.8182583644275673,1.3166695469156378,-0.41304209528636526,-1.5412746108855286,0.8037975708966928
0.7234346552061991,1.5311346196883933,-1.1026750514947807,0.5661785128734785,0.002145157306103638,1.1544527709131558,-1.593014495484622,-0.820009056964634,-1.3635193919549924,-0.4633865149686188,1.2695461085933937,0.6538914332449542,1.0464444533072446,0.6763859820491886,-0.566178512873478,-1.4096234843207127,-1.300755634381179,0.5596503631383526,-0.932303767078718,1.3166695469156378,-0.41304209528636526,0.6488136461454179,0.8037975708966928
0.2879585647886226,-0.5379662177283542,1.6013780686794572,1.2586192700663428,1.37504583321264,0.0995558928657262,1.5819208843721735,-1.2550271243198776,-0.47233024688636976,-1.358819394135032,1.1989814669707495,-1.5745691335373548,-0.23970664249569779,0.8194719299138052,-1.258619270066342,0.41653520265963445,-1.300755634381179,-1.524182737568591,-0.02149915481638894,1.3166695469156378,-1.7191040566661766,0.6488136461454179,-1.244094329477047
-0.7281523128523893,0.15173406141056162,1.326389615780382,-1.2514784747577896,-1.1419387392826768,-1.30697327786418,0.6730614123543401,-0.820009056964634,-0.47233024688636976,0.43204636419779424,0.9872875421028176,1.2289780311242597,-1.1818870963978536,1.2243747185519769,1.25147847475779,1.3377205297420947,-0.03017626013826931,1.7102886404852298,-0.8586584499669768,-1.2713787025499892,-1.7191040566661766,0.6488136461454179,0.8037975708966928
1.3040694424296344,0.4965842009800195,0.501424257083157,-1.5544213060296677,0.23096193662385972,-1.4827894242054183,-0.7881811455866143,0.4850451451010968,-0.47233024688636976,-1.358819394135032,1.2695461085933937,-0.6400534119834832,-1.4270462961377,0.45313131162212644,1.5544213060296683,-0.8290982022571006,-1.300755634381179,-0.6718820563167138,-0.8426729960154544,-1.2713787025499892,0.8930198660934462,0.6488136461454179,-1.244094329477047
-0.7281523128523893,0.4965842009800195,0.7534970055739758,-0.6888703595385877,1.031820664236006,-0.6037086924992269,-0.9061178067498461,-1.690045191675121,1.3100480432508752,1.3274792433642073,-0.0006174406141979493,1.5165213300639127,-0.7396391282396988,0.21211774695654811,0.688870359538588,-1.186581176332701,1.8756928012260952,0.9298219574254244,-1.381026098256846,-1.2713787025499892,-0.41304209528636526,-1.5412746108855286,0.8037975708966928
-1.4539457968816836,0.15173406141056162,-1.767230479334212,-1.1216458327841277,-0.9131219599649206,-1.30697327786418,1.4403276919803996,-0.820009056964634,1.3100480432508752,-1.358819394135032,-1.6236041979350095,1.5884071547988257,-1.1994432539239805,-1.4037210213665903,1.1216458327841279,1.8881988790283273,-0.03017626013826931,1.9549125262203928,-0.646201869929629,1.3166695469156378,-0.41304209528636526,-1.5412746108855286,-1.244094329477047
-0.43783491924067164,0.8414343405494774,0.5243399614914133,-1.1649233801086816,-0.7987135703060426,-1.4827894242054183,0.6920778287265023,1.3550812798115834,1.3100480432508752,-0.4633865149686188,0.8461582588575295,-1.2151400098627887,-1.3966698746430255,0.8965962706067901,1.164923380108682,1.0607379521830949,0.6051134269831855,-1.0985487425305769,0.33588192191053146,-1.2713787025499892,0.8930198660934462,0.6488136461454179,-1.244094329477047
0.14279986798276373,-0.19311607815889628,0.36393003063361945,1.0855090807681265,1.031820664236006,-1.1311571315229418,-0.36904885083951755,0.9200632124563402,0.41885889818225275,-1.358819394135032,0.3522057674990219,1.6602929795337389,-1.162658923869238,0.17809230253317246,-1.085509080768126,-0.8024600020188571,-0.6654659472597242,1.0437209095137543,1.0883120986840629,-1.2713787025499892,-0.41304209528636526,0.6488136461454179,0.8037975708966928
0.14279986798276373,-1.5725166364367278,0.3410143262253632,1.3018968173908967,1.2606374435537622,0.627004331889441,0.8508243876009335,0.05002707774585293,-0.47233024688636976,-1.358819394135032,0.5638996923669537,1.300863855859173,0.19100442214528765,0.35672588575589487,-1.301896817390896,-0.03328691686893798,-1.300755634381179,0.6853772833281628,1.2640563214726424,-1.2713787025499892,0.8930198660934462,0.6488136461454179,0.8037975708966928
-1.5991044936875425,0.4965842009800195,0.7305813011657195,-1.3813111167314518,1.37504583321264,-0.6037086924992269,0.2727102013617838,1.3550812798115834,0.41885889818225275,1.3274792433642073,-0.0006174406141979493,-0.0649668141041777,-0.7780954732969295,0.7248193299724146,1.381311116731452,-0.4772730342365771,1.2404031141046403,-0.38260460413783054,-0.03786148357539712,1.3166695469156378,0.8930198660934462,0.6488136461454179,0.8037975708966928
0.7234346552061991,-0.5379662177283542,-1.2860006867608307,0.3930683235752624,0.9174122745771279,-0.42789254615798866,-0.1110402545627091,1.3550812798115834,-1.3635193919549924,-0.4633865149686188,0.9167229004801736,-0.8557108861882229,-0.5827124298609987,0.41000256847144395,-0.39306832357526184,-0.5748734548611714,-1.300755634381179,-0.9384882727976632,1.1523592299854928,0.022645422182824185,-1.7191040566661766,-1.5412746108855286,0.8037975708966928
0.2879585647886226,-1.5725166364367278,-0.8964337118204744,-1.6409764006787757,0.3453703262827378,1.6819012099368706,-0.9807777800850225,-1.690045191675121,-1.3635193919549924,0.43204636419779424,-0.8473931400859257,-0.7838250614533097,1.3754598499079973,-0.8579824801586198,1.6409764006787764,-1.024472748751455,-0.6654659472597242,-0.8146304140326798,-1.5136369999119348,0.022645422182824185,-0.41304209528636526,-1.5412746108855286,-1.244094329477047
-0.0023588288230951236,1.5311346196883933,-1.5151577308433932,-0.8619805488368038,-1.1419387392826768,0.4511881855482028,0.2990023178287499,0.05002707774585293,1.3100480432508752,1.3274792433642073,-0.9885224233312137,-0.5681675872485701,0.8370710191067655,-0.9316011690019238,0.8619805488368042,0.9546609838894681,1.8756928012260952,-0.3282437406411277,-0.30698390371172385,-1.2713787025499892,-0.41304209528636526,0.6488136461454179,0.8037975708966928
0.5782759584003403,-0.19311607815889628,-1.240169277944318,0.9123988914699104,-1.1419387392826768,0.8028204782306794,1.3532455183293353,-0.3849909896093904,-0.47233024688636976,0.43204636419779424,0.28164112587637785,-0.49628176251365685,1.2408626422076894,-0.02629026565859153,-0.9123988914699098,2.0342709372690297,-0.03017626013826931,-0.2467024453960735,0.8019450683344649,0.022645422182824185,-1.7191040566661766,0.6488136461454179,0.8037975708966928
1.1589107456237755,1.5311346196883933,-0.07146835312324931,-0.5590377175649255,0.3453703262827378,0.9786366245719176,0.1962803306315776,-0.820009056964634,-0.47233024688636976,-1.358819394135032,0.8461582588575295,0.07880483536564868,0.7520622563486763,0.20859071918095418,0.5590377175649259,-0.09400398925723957,-1.300755634381179,-0.059300521236387335,-0.6987935792679001,1.3166695469156378,-1.7191040566661766,0.6488136461454179,-1.244094329477047
1.5943868360413522,-1.5725166364367278,-1.0797593470865243,-1.6409764006787757,-0.5698967909882866,1.6819012099368706,0.9279462482900988,-1.2550271243198776,-0.47233024688636976,-1.358819394135032,-1.6941688395576533,-0.927596710923136,1.858911044913185,-1.5757646963808332,1.6409764006787764,1.1001638195296368,-1.300755634381179,-0.8274761605088072,-1.1686460942771846,1.3166695469156378,-0.41304209528636526,0.6488136461454179,0.8037975708966928
1.1589107456237755,0.4965842009800195,1.3722210245968947,-1.0783682854595735,0.11655354696498167,-0.25207639981675034,0.25648485785040265,0.05002707774585293,0.41885889818225275,0.43204636419779424,0.06994720100844609,0.8695489074496938,-0.2935455255758211,-0.33457155826049545,1.078368285459574,0.07143807384597627,0.6051134269831855,0.7154848384955673,-0.44222715615458985,0.022645422182824185,0.8930198660934462,0.6488136461454179,0.8037975708966928
-1.018469706464107,1.5311346196883933,-0.8047708941874494,0.1766805869524922,-1.4851639082593109,1.6819012099368706,-1.305345584651137,-1.690045191675121,-0.47233024688636976,-1.358819394135032,0.5638996923669537,1.6602929795337389,2.5310261208960076,0.9796532528915438,-0.1766805869524917,-0.4981192145955855,-1.300755634381179,2.4799589151153763,-1.3308505410200144,1.3166695469156378,-0.41304209528636526,0.6488136461454179,-1.244094329477047
0.14279986798276373,0.8414343405494774,1.4638838422299196,-0.9485356434859119,1.031820664236006,0.9786366245719176,-0.2783526405606917,0.4850451451010968,-0.47233024688636976,-0.4633865149686188,1.6223693167066136,-1.4307974840675284,0.5294202586489188,1.2498938018695092,0.9485356434859122,-0.7375924753917272,-0.6654659472597242,-1.405106560385337,-0.3500538324375944,1.3166695469156378,0.8930198660934462,0.6488136461454179,-1.244094329477047
-1.1636284032699657,-1.5725166364367278,-0.9193494162287307,1.0855090807681265,0.3453703262827378,1.3302689172543942,-0.8274319647060701,-0.820009056964634,-1.3635193919549924,1.3274792433642073,0.9872875421028176,-1.5026833088024416,1.0637610531283368,1.5714342516704098,-1.085509080768126,-0.9032523185023346,-0.03017626013826931,-1.4440719913629236,-0.5144621651150963,0.022645422182824185,0.8930198660934462,0.6488136461454179,0.8037975708966928
-1.3087871000758247,1.5311346196883933,-0.43811962365534934,-1.2082009274332357,0.11655354696498167,0.4511881855482028,0.09424893260397368,0.05002707774585293,1.3100480432508752,-0.4633865149686188,0.3522057674990219,0.22257648483547507,0.35252107138565697,0.9472091191865623,1.208200927433236,-0.061473587985844166,0.6051134269831855,0.12838751273117632,-0.563162553359661,-1.2713787025499892,-0.41304209528636526,0.6488136461454179,-1.244094329477047
1.3040694424296344,0.15173406141056162,-1.4005792088021118,-1.2947560220823437,1.146229053894884,-0.25207639981675034,-1.5316935391214845,0.05002707774585293,1.3100480432508752,0.43204636419779424,-0.42400529035006185,0.15069066010056187,-0.4752517559712367,-0.7037337987726497,1.294756022082344,-1.6598365747542108,1.2404031141046403,-0.17535381205665096,-1.077782225469576,1.3166695469156378,-0.41304209528636526,0.6488136461454179,-1.244094329477047
-1.3087871000758247,-0.19311607815889628,-0.9422651206369869,1.518284554013666,-0.9131219599649206,0.627004331889441,-0.630473272045317,-0.3849909896093904,1.3100480432508752,1.3274792433642073,-1.0590870649538575,0.15069066010056187,0.9248518067374011,-0.7398858334724864,-1.5182845540136654,-0.14022761545520016,1.8756928012260952,0.3949920954454407,0.05054368424339175,-1.2713787025499892,0.8930198660934462,0.6488136461454179,-1.244094329477047
0.4331172615944814,0.15173406141056162,0.18060439536756945,0.6960111548471402,1.2606374435537622,1.3302689172543942,-0.8533220546179324,-0.820009056964634,-0.47233024688636976,1.3274792433642073,-0.4945699319727059,1.8040646290035653,0.7376761580357691,-0.5992945874175657,-0.6960111548471396,-1.214619827925447,0.6051134269831855,1.071757574643189,-0.6304684540462651,1.3166695469156378,0.8930198660934462,0.6488136461454179,-1.244094329477047
-1.5991044936875425,0.8414343405494774,1.0972325716978195,-1.5976988533542218,1.031820664236006,-0.25207639981675034,-0.7965725744310354,0.9200632124563402,-0.47233024688636976,1.3274792433642073,-0.7062638568406376,1.4446355053289994,-0.4576259311533393,-0.1954142805688842,1.5976988533542222,-1.108232497237181,0.6051134269831855,0.8728724813812594,-0.7406763907421764,-1.2713787025499892,-0.41304209528636526,0.6488136461454179,0.8037975708966928
1.5943868360413522,0.15173406141056162,-0.30062539720581183,-0.9918131908104655,-0.6843051806471646,-0.07626025347551207,-0.6650671668357054,-0.3849909896093904,-1.3635193919549924,-1.358819394135032,1.4106753918386812,-0.5681675872485701,0.07996172579253351,0.4487492468100248,0.9918131908104658,-0.3038293691132254,-1.9360453215026339,-0.4369654676345336,-0.8717558604474459,0.022645422182824185,0.8930198660934462,0.6488136461454179,0.8037975708966928
1.5943868360413522,-0.5379662177283542,-0.02563694430673681,0.7825662494962483,-1.2563471289415549,-0.9553409851817035,-1.0667680384061098,-0.820009056964634,0.41885889818225275,1.3274792433642073,-1.4824749146897214,0.15069066010056187,-0.7593144675713053,-1.437729654799638,-0.7825662494962476,-0.3778482474967214,1.2404031141046403,0.5364732507947968,-0.6881708139438927,-1.2713787025499892,-0.41304209528636526,0.6488136461454179,0.8037975708966928
1.0137520488179168,-0.19311607815889628,1.0743168672895633,0.4363458708998164,-1.599572297918189,-0.9553409851817035,1.1744403557761316,0.9200632124563402,1.3100480432508752,0.43204636419779424,1.4812400334613256,-0.20873846357400408,-0.6973371486767448,0.7110158258142953,-0.4363458708998159,2.365008942584772,1.2404031141046403,0.2506994555987579,1.7565298480205163,1.3166695469156378,-0.41304209528636526,0.6488136461454179,-1.244094329477047
-1.5991044936875425,-0.5379662177283542,0.8222441187987445,-1.5111437587051137,-0.22667162201165245,-0.7795248388404652,-0.22655214929080308,-0.820009056964634,-0.47233024688636976,0.43204636419779424,0.7050289756122418,0.582005608510041,-0.7315041321698998,1.6450529405137138,1.5111437587051142,-0.1533472175245942,-0.03017626013826931,0.5749829143810123,-1.1199708635906451,1.3166695469156378,0.8930198660934462,-1.5412746108855286,0.8037975708966928
-0.5829936160465304,0.4965842009800195,-1.6297362528846744,-1.1649233801086816,-1.4851639082593109,0.0995558928657262,-0.3691132871514854,0.05002707774585293,-0.47233024688636976,-1.358819394135032,-1.6941688395576533,1.5165213300639127,0.5810080386037407,-1.528166406180421,1.164923380108682,0.5307934432341584,-1.300755634381179,2.304943452150382,-0.6816524654766183,1.3166695469156378,-0.41304209528636526,0.6488136461454179,0.8037975708966928
0.4331172615944814,-0.19311607815889628,-1.4693263220268806,0.4363458708998164,-0.3410800116705305,-0.25207639981675034,-1.2959231748152304,1.7900993471668274,-1.3635193919549924,0.43204636419779424,-0.4945699319727059,-1.1432541851278757,-0.19220174566029505,-0.5992945874175657,-0.4363458708998159,-1.0366910186801923,-0.6654659472597242,-1.0701096424784846,0.47754829011063554,-1.2713787025499892,0.8930198660934462,-1.5412746108855286,-1.244094329477047
0.4331172615944814,1.5311346196883933,-1.4693263220268806,-0.6023152648894795,-1.3707555186004328,-0.25207639981675034,-1.1452031391489677,-1.2550271243198776,1.3100480432508752,1.3274792433642073,-0.7768284984632817,0.8695489074496938,0.10640046301937962,-0.8242405811054389,0.60231526488948,-0.39272303502428935,1.8756928012260952,1.4423672418229085,-1.2281495899956791,-1.2713787025499892,-0.41304209528636526,0.6488136461454179,0.8037975708966928
-0.14751752562895395,0.4965842009800195,0.43267714385838824,-1.2947560220823437,0.8030038849182499,1.5060850635956324,-1.4237466074973544,0.9200632124563402,-0.47233024688636976,-0.4633865149686188,-0.21231136548213006,0.6538914332449542,1.035657063254761,-0.2126686607665339,1.294756022082344,-1.50006092841938,-0.6654659472597242,0.30804571077929616,-0.8143864396923887,0.022645422182824185,0.8930198660934462,0.6488136461454179,0.8037975708966928
-0.0023588288230951236,-0.19311607815889628,-1.7443147749259558,0.8691213441453564,1.2606374435537622,1.6819012099368706,-1.1916631208671735,-0.3849909896093904,-0.47233024688636976,-1.358819394135032,0.06994720100844609,-0.7838250614533097,1.0110120259810098,-0.011367558460624616,-0.8691213441453558,-1.449161547357588,-1.300755634381179,-0.9153410664055187,-0.45768050884951444,0.022645422182824185,0.8930198660934462,0.6488136461454179,0.8037975708966928
-0.0023588288230951236,-0.19311607815889628,-1.6068205484764182,-1.2947560220823437,-0.9131219599649206,-1.30697327786418,-0.6833026431226051,-0.3849909896093904,1.3100480432508752,-0.4633865149686188,0.5638996923669537,-1.3589116593326152,-1.1994432539239805,0.4180747931253149,1.294756022082344,-0.19197594754586572,0.6051134269831855,-1.2429243568682589,-0.9851133823287145,0.022645422182824185,-0.41304209528636526,-1.5412746108855286,0.8037975708966928
0.8685933520120579,-1.22766649686727,0.2493515085923382,-1.2947560220823437,0.11655354696498167,1.3302689172543942,-1.6743345219774313,1.3550812798115834,1.3100480432508752,-0.4633865149686188,0.6344643339895978,1.2289780311242597,1.1601043175875045,0.14908343004401217,1.294756022082344,-1.5103842757981936,0.6051134269831855,1.0416500194757847,-0.8065018443104373,1.3166695469156378,0.8930198660934462,0.6488136461454179,0.8037975708966928
-0.43783491924067164,0.8414343405494774,-0.18604687516453058,1.3018968173908967,0.002145157306103638,1.5060850635956324,0.010910368599302143,1.3550812798115834,0.41885889818225275,-1.358819394135032,-0.7062638568406376,0.29446230957038827,1.3754598499079973,-0.5880472877331719,-1.301896817390896,-0.07127562766246458,-0.6654659472597242,0.22744508621405704,1.9606465579341017,1.3166695469156378,0.8930198660934462,-1.5412746108855286,0.8037975708966928
-1.4539457968816836,-1.5725166364367278,-1.0797593470865243,1.3884519120400047,0.11655354696498167,1.1544527709131558,0.1945041296842901,-0.3849909896093904,-1.3635193919549924,0.43204636419779424,1.0578521837254613,1.0852063816544333,0.9985876683471351,1.9411281021661317,-1.388451912040004,0.020660408112623936,-0.6654659472597242,0.9111839470836978,0.45190191187437906,0.022645422182824185,0.8930198660934462,0.6488136461454179,-1.244094329477047
0.7234346552061991,0.15173406141056162,-1.240169277944318,1.4750070066891119,0.8030038849182499,1.1544527709131558,1.3203598862007901,0.9200632124563402,-1.3635193919549924,1.3274792433642073,-0.7768284984632817,-0.1368526388390909,0.7443975318377013,-0.8686378167017296,-1.4750070066891112,0.52692098809067,-0.03017626013826931,-0.33893768100113486,2.8296198087862705,1.3166695469156378,0.8930198660934462,0.6488136461454179,-1.244094329477047
0.7234346552061991,0.8414343405494774,-1.3776635043938557,0.3930683235752624,0.4597787159416158,0.27537203920696446,-0.14144088631232055,-1.2550271243198776,-1.3635193919549924,-1.358819394135032,0.8461582588575295,0.8695489074496938,0.0991070182671462,0.35672588575589487,-0.39306832357526184,-0.4114276055017905,-1.9360453215026339,0.5940164262684521,-0.7861429757143024,0.022645422182824185,-0.41304209528636526,0.6488136461454179,-1.244094329477047
-0.43783491924067164,-1.22766649686727,-1.3547477999855995,0.8258437968208023,-0.3410800116705305,-0.9553409851817035,-1.2593023377766361,-1.2550271243198776,0.41885889818225275,0.43204636419779424,0.3522057674990219,1.0133205569195203,-0.8889402325795361,0.42420968386225694,-0.8258437968208017,-1.0043363588363268,0.6051134269831855,1.0403709403346857,-0.9993240794246253,0.022645422182824185,-0.41304209528636526,0.6488136461454179,0.8037975708966928
0.14279986798276373,0.4965842009800195,1.4867995466381758,1.604839648662774,1.603862612530396,-0.07626025347551207,0.607980737266818,0.4850451451010968,-0.47233024688636976,-1.358819394135032,1.4812400334613256,-0.9994825356580492,-0.4099325228225579,1.1308047463876938,-1.6048396486627734,-0.3377609674545778,-1.300755634381179,-1.105284318858704,1.7974884604422798,0.022645422182824185,-1.7191040566661766,-1.5412746108855286,-1.244094329477047
-0.2926762224348128,1.5311346196883933,-1.5609891396599058,1.4750070066891119,1.7182710021892742,0.627004331889441,-1.017040015039622,0.4850451451010968,1.3100480432508752,1.3274792433642073,1.4106753918386812,-1.287025834597702,0.08800829799200849,1.3363294066546971,-1.4750070066891112,-1.4416865959457374,1.8756928012260952,-1.3209203784070063,0.446597495350691,0.022645422182824185,-0.41304209528636526,-1.5412746108855286,-1.244094329477047
0.2879585647886226,-0.19311607815889628,-0.14021546634801807,0.13340303962793815,1.2606374435537622,-0.7795248388404652,-0.9463933033085296,-0.3849909896093904,-0.47233024688636976,1.3274792433642073,-1.4824749146897214,1.5165213300639127,-0.9023390496356753,-1.3785717798362689,-0.13340303962793765,-1.2791378332021357,0.6051134269831855,0.8509688367488883,-0.5799746420009801,-1.2713787025499892,0.8930198660934462,-1.5412746108855286,-1.244094329477047
-0.5829936160465304,0.8414343405494774,1.0514011628813071,-0.7754254541876957,-1.1419387392826768,-0.07626025347551207,1.1021091948028365,-0.3849909896093904,-0.47233024688636976,1.3274792433642073,0.3522057674990219,1.1570922063893465,0.23138358445538004,0.4963475370104371,0.7754254541876962,1.7770918780105804,0.6051134269831855,1.6287473452401755,-0.26585983795693796,-1.2713787025499892,0.8930198660934462,0.6488136461454179,0.8037975708966928
-1.4539457968816836,1.1862844801189352,0.1576886909593132,-1.5111437587051137,0.3453703262827378,1.3302689172543942,-0.7740023553749075,0.4850451451010968,-0.47233024688636976,1.3274792433642073,-1.1296517065765015,-1.1432541851278757,1.0637610531283368,-0.7875646038737204,1.5111437587051142,-0.8610160160955139,0.6051134269831855,-1.1293512026978016,-0.8174427519087482,0.022645422182824185,-0.41304209528636526,0.6488136461454179,0.8037975708966928
1.5943868360413522,1.1862844801189352,-0.9193494162287307,-0.47248262291581744,1.4894542228715182,0.8028204782306794,1.406481118329899,1.7900993471668274,0.41885889818225275,0.43204636419779424,1.3401107502160374,-1.1432541851278757,0.2705573986368128,0.40273756628296015,0.4724826229158179,0.24326779659865527,0.6051134269831855,-1.2045084059611144,1.7538068948912358,1.3166695469156378,-0.41304209528636526,0.6488136461454179,-1.244094329477047
1.0137520488179168,1.5311346196883933,1.211811093739101,0.003570397654276513,-0.9131219599649206,-0.6037086924992269,-1.1592068306868488,-1.2550271243198776,-1.3635193919549924,1.3274792433642073,-1.2002163481991457,-0.7838250614533097,-0.4269723227743872,-1.21227242021702,-0.003570397654276032,-0.6581417836937868,-0.03017626013826931,-0.6189561845582779,-1.1203811040872174,0.022645422182824185,0.8930198660934462,0.6488136461454179,0.8037975708966928
-0.43783491924067164,0.8414343405494774,-1.217253573536062,0.9123988914699104,-1.0275303496237986,-1.6586055705466567,-1.3124756026493178,-1.690045191675121,-1.3635193919549924,-1.358819394135032,1.1989814669707495,-1.287025834597702,-1.5856787194987771,1.2340152611386004,-0.9123988914699098,-0.7531849670925709,-1.9360453215026339,-1.1545288657910115,-1.2477086289874355,1.3166695469156378,0.8930198660934462,-1.5412746108855286,0.8037975708966928
1.4492281392354933,-1.22766649686727,0.2493515085923382,-0.3426499809421558,-0.6843051806471646,1.1544527709131558,0.6421578972135014,-0.3849909896093904,1.3100480432508752,0.43204636419779424,0.6344643339895978,1.3727496805940862,1.3754598499079973,-0.01992787111682262,0.34264998094215626,0.923293010209923,1.2404031141046403,1.5811815896805608,-0.18357714268130032,0.022645422182824185,-1.7191040566661766,-1.5412746108855286,0.8037975708966928
-0.8733110096582481,-0.882816357297812,0.9139069364317696,0.6527336075225861,-1.1419387392826768,-1.1311571315229418,-1.5764977877799948,-1.690045191675121,-1.3635193919549924,-1.358819394135032,-0.5651345735953498,-1.1432541851278757,-0.9799912848473915,-0.31811209530772433,-0.6527336075225856,-0.9659666100264163,-1.9360453215026339,-0.9805741026015622,-1.3260911562011535,0.022645422182824185,0.8930198660934462,0.6488136461454179,-1.244094329477047
-1.5991044936875425,0.15173406141056162,1.3493053201886382,-1.5976988533542218,-0.5698967909882866,0.9786366245719176,0.8383916813646162,-0.820009056964634,-1.3635193919549924,-0.4633865149686188,-1.1296517065765015,1.0852063816544333,1.1337342524054037,-0.7475544468936639,1.5976988533542222,1.0178125297035767,-1.300755634381179,1.2227049770811296,-0.9730371218151237,-1.2713787025499892,-1.7191040566661766,0.6488136461454179,-1.244094329477047
1.0137520488179168,-1.22766649686727,-0.11729976193976183,-0.9485356434859119,0.002145157306103638,1.6819012099368706,0.25648135587692616,-0.3849909896093904,-0.47233024688636976,0.43204636419779424,-1.5530395563123653,1.0852063816544333,1.539967548208374,-1.4653366631158773,0.9485356434859122,0.1336338489844797,-0.03017626013826931,0.9582966954475068,-0.5988748278577217,-1.2713787025499892,0.8930198660934462,0.6488136461454179,0.8037975708966928
1.4492281392354933,-1.22766649686727,1.4409681378216634,-0.8619805488368038,-0.9131219599649206,1.5060850635956324,-0.19129778230274427,-1.2550271243198776,1.3100480432508752,1.3274792433642073,1.1284168253481057,0.36634813430530144,1.8904404706743931,0.3096441661468053,0.8619805488368042,0.28996109635117057,1.8756928012260952,0.6289801600616838,-1.110314103755619,1.3166695469156378,0.8930198660934462,0.6488136461454179,0.8037975708966928
1.5943868360413522,1.5311346196883933,0.1576886909593132,-1.6409764006787757,-0.6843051806471646,0.0995558928657262,1.5587504270621713,0.9200632124563402,-1.3635193919549924,0.43204636419779424,1.4812400334613256,1.0852063816544333,0.265032886380457,0.4947609273370901,1.6409764006787764,1.7837196016445136,-0.6654659472597242,1.2821968404486948,-0.007684363836690584,0.022645422182824185,-1.7191040566661766,0.6488136461454179,0.8037975708966928
-1.4539457968816836,1.1862844801189352,-0.07146835312324931,-0.039707149670277525,-0.5698967909882866,1.5060850635956324,-1.2074423129576468,-1.2550271243198776,-1.3635193919549924,0.43204636419779424,-0.7768284984632817,1.5165213300639127,1.6776168467862398,-0.3474528770930991,0.039707149670278004,-0.8634658236675822,-0.6654659472597242,1.6620295065646877,-1.1393280369040553,0.022645422182824185,0.8930198660934462,0.6488136461454179,-1.244094329477047
-1.5991044936875425,-0.882816357297812,1.509715251046432,0.0901254923033846,-1.0275303496237986,0.0995558928657262,-1.6981227274086903,1.3550812798115834,0.41885889818225275,-1.358819394135032,-0.7062638568406376,-1.0713683603929625,0.3884136601057391,-0.1954142805688842,-0.0901254923033841,-1.1393352271744168,-0.6654659472597242,-0.9153410664055187,-0.21150932210635232,1.3166695469156378,0.8930198660934462,-1.5412746108855286,0.8037975708966928
1.1589107456237755,1.5311346196883933,-1.4693263220268806,1.0855090807681265,0.002145157306103638,0.27537203920696446,-1.5356423644136008,0.4850451451010968,-0.47233024688636976,-0.4633865149686188,0.49333505074430967,-1.3589116593326152,0.22390596180536274,-0.038301225110613804,-1.085509080768126,-1.3617509995365382,-0.6654659472597242,-1.3006991876377014,-0.09772524227686148,-1.2713787025499892,-0.41304209528636526,0.6488136461454179,0.8037975708966928
-0.2926762224348128,-1.5725166364367278,0.1118572821428007,-0.42920507559126386,1.146229053894884,1.3302689172543942,-1.1332845226190025,-0.820009056964634,0.41885889818225275,1.3274792433642073,-1.5530395563123653,1.5165213300639127,0.7739785779972463,-1.406560451861949,0.4292050755912643,-1.3793397610915723,1.2404031141046403,0.889779357081871,-1.0108167543083095,0.022645422182824185,0.8930198660934462,-1.5412746108855286,-1.244094329477047
1.0137520488179168,1.5311346196883933,-1.1714221647195495,-1.4245886640560055,1.603862612530396,0.27537203920696446,1.7266616505246377,0.05002707774585293,1.3100480432508752,0.43204636419779424,1.1284168253481057,0.7257772579798675,-0.1486555902278424,0.45795158291543814,1.4245886640560061,0.40350841664230275,1.2404031141046403,0.16100403082919806,-0.23748725408001206,-1.2713787025499892,-1.7191040566661766,0.6488136461454179,0.8037975708966928
0.4331172615944814,-0.19311607815889628,1.0514011628813071,-0.6888703595385877,1.2606374435537622,0.627004331889441,-0.19073676615180687,0.4850451451010968,0.41885889818225275,1.3274792433642073,-1.6941688395576533,0.15069066010056187,0.19100442214528765,-1.5553150605910266,0.688870359538588,-0.7553084751829242,1.2404031141046403,-0.1977776682490408,-0.16551016309696487,1.3166695469156378,-0.41304209528636526,-1.5412746108855286,0.8037975708966928
-1.5991044936875425,-1.5725166364367278,-0.00272123989848056,-0.9485356434859119,0.5741871056004938,0.0995558928657262,-0.25420233107196105,0.4850451451010968,0.41885889818225275,-0.4633865149686188,0.06994720100844609,0.7257772579798675,-0.08001504013940035,0.8168426910265448,0.9485356434859122,-0.5462877603681028,-0.03017626013826931,0.434651089448194,-0.3406133707855634,-1.2713787025499892,-1.7191040566661766,0.6488136461454179,0.8037975708966928
1.1589107456237755,-1.22766649686727,1.3951367290051508,-0.8619805488368038,-0.45548840132940854,0.9786366245719176,0.9069112944060743,0.4850451451010968,-1.3635193919549924,-1.358819394135032,-0.9885224233312137,-0.6400534119834832,1.07934599296732,-1.0752473911351996,0.8619805488368042,0.9934585541160024,-1.9360453215026339,-0.5565593673272798,0.17842438447821785,1.3166695469156378,-0.41304209528636526,0.6488136461454179,0.8037975708966928
-0.7281523128523893,-0.5379662177283542,-0.3693725104305806,0.26323568160160027,0.002145157306103638,-1.30697327786418,0.2651599465464213,0.4850451451010968,-0.47233024688636976,-0.4633865149686188,-0.4945699319727059,-0.5681675872485701,-1.2566633228980244,-0.2940107388411666,-0.26323568160159977,0.14087544332684743,-0.6654659472597242,-0.5698475784042517,0.6513234857341523,-1.2713787025499892,-0.41304209528636526,0.6488136461454179,-1.244094329477047
-0.5829936160465304,-0.882816357297812,0.5243399614914133,0.7825662494962483,-0.3410800116705305,0.9786366245719176,1.704399605134443,1.3550812798115834,-1.3635193919549924,-0.4633865149686188,-0.9179577817085696,0.5101197837751278,1.027090606448377,-0.7602473242804405,-0.7825662494962476,1.6141064730529004,-1.300755634381179,0.5479254710116125,3.0012589896046427,-1.2713787025499892,0.8930198660934462,0.6488136461454179,0.8037975708966928
-0.2926762224348128,1.5311346196883933,1.3722210245968947,0.7392887021716942,-0.22667162201165245,-0.42789254615798866,0.41526083330203656,-1.2550271243198776,-1.3635193919549924,-0.4633865149686188,0.21107648425373385,0.7976630827147806,-0.38983429723834906,0.22611208296938812,-0.7392887021716936,0.4027924870047447,-1.300755634381179,0.7819723561569195,-0.5420244242058534,-1.2713787025499892,0.8930198660934462,0.6488136461454179,-1.244094329477047
0.14279986798276373,0.8414343405494774,-0.9880965294534995,-1.5976988533542218,1.7182710021892742,-0.07626025347551207,1.1898119181539388,0.05002707774585293,-1.3635193919549924,-0.4633865149686188,0.6344643339895978,-1.287025834597702,-0.4269723227743872,0.41627041349680255,1.5976988533542222,-0.0005576130200052187,-1.300755634381179,-1.3209203784070063,-0.50099475882011,0.022645422182824185,0.8930198660934462,0.6488136461454179,-1.244094329477047
1.4492281392354933,1.1862844801189352,-1.6984833661094432,-0.6888703595385877,-0.5698967909882866,-1.30697327786418,0.6018922061805521,1.3550812798115834,1.3100480432508752,-0.4633865149686188,-1.0590870649538575,0.6538914332449542,-1.2230903232448864,-1.149889141734976,0.688870359538588,0.80033577231163,0.6051134269831855,0.7833804475975716,0.725674538119221,0.022645422182824185,-0.41304209528636526,0.6488136461454179,-1.244094329477047
1.0137520488179168,1.1862844801189352,1.6013780686794572,-0.6023152648894795,-0.3410800116705305,-1.6586055705466567,-1.1521335446589873,1.3550812798115834,1.3100480432508752,-0.4633865149686188,-0.9885224233312137,-0.5681675872485701,-1.5856787194987771,-1.0604338744777055,0.60231526488948,-0.9096522902131863,0.6051134269831855,-0.5073148203949726,-0.20122141655347583,-1.2713787025499892,-0.41304209528636526,0.6488136461454179,-1.244094329477047
-0.5829936160465304,1.1862844801189352,0.043110168918031946,0.5229009655489245,-1.0275303496237986,-0.6037086924992269,-0.8660118057074259,-0.3849909896093904,-1.3635193919549924,-0.4633865149686188,-0.21231136548213006,0.7976630827147806,-0.40122329173606736,-0.062139068007730926,-0.522900965548924,-0.3061386902305,-1.300755634381179,1.157619861602084,-0.41642818641515644,-1.2713787025499892,-0.41304209528636526,-1.5412746108855286,-1.244094329477047
0.2879585647886226,1.1862844801189352,-1.3547477999855995,-0.8619805488368038,0.3453703262827378,-0.42789254615798866,1.612990393055799,-1.2550271243198776,-0.47233024688636976,-0.4633865149686188,-0.07118208223684198,0.29446230957038827,-0.49473293076996555,-0.22170666944149306,0.8619805488368042,1.0259105182298267,-0.6654659472597242,0.12953195196268577,-0.7974348224296025,0.022645422182824185,0.8930198660934462,0.6488136461454179,-1.244094329477047
-0.8733110096582481,-0.5379662177283542,-0.32354110161406807,0.8691213441453564,0.5741871056004938,1.6819012099368706,-0.9060155491243319,1.7900993471668274,-0.47233024688636976,-1.358819394135032,0.28164112587637785,1.6602929795337389,1.2750822712840386,0.5816718794437681,-0.8691213441453558,-1.0440820372912056,-1.300755634381179,1.2251870365697373,1.1052919976998845,-1.2713787025499892,-1.7191040566661766,0.6488136461454179,0.8037975708966928
1.5943868360413522,0.8414343405494774,0.7993284143904883,1.0422315334435726,-1.1419387392826768,1.5060850635956324,-0.20623720115354977,0.4850451451010968,-1.3635193919549924,0.43204636419779424,-1.3413456314444334,0.36634813430530144,2.048445888409537,-1.3457062937455082,-1.042231533443572,0.43726460582889154,-0.6654659472597242,0.7317930975445781,0.8255023825222729,0.022645422182824185,-0.41304209528636526,-1.5412746108855286,-1.244094329477047
-0.5829936160465304,1.5311346196883933,-0.07146835312324931,-1.2514784747577896,0.8030038849182499,1.6819012099368706,0.4377084832864864,-0.820009056964634,-0.47233024688636976,0.43204636419779424,1.4812400334613256,-1.1432541851278757,1.181286828963291,1.6133207470467728,1.25147847475779,-0.12506479904923876,-0.03017626013826931,-1.1623710887216832,-0.9047739836966107,-1.2713787025499892,-0.41304209528636526,0.6488136461454179,0.8037975708966928
1.3040694424296344,0.15173406141056162,0.3410143262253632,-0.2560948862930477,0.9174122745771279,1.1544527709131558,1.1085668338935268,0.05002707774585293,0.41885889818225275,-0.4633865149686188,0.9872875421028176,1.300863855859173,0.706815656816145,0.2603204598896636,0.25609488629304816,0.3114801146872627,-0.03017626013826931,0.7975522066131703,0.3813026958773149,0.022645422182824185,0.8930198660934462,0.6488136461454179,0.8037975708966928
-0.43783491924067164,1.5311346196883933,-1.217253573536062,-1.3813111167314518,0.11655354696498167,1.5060850635956324,-0.2530375746936728,1.3550812798115834,-1.3635193919549924,0.43204636419779424,-1.0590870649538575,-1.1432541851278757,1.3216209668278742,-0.9254662782649817,1.381311116731452,-0.34598780237199944,-0.6654659472597242,-1.1110401749936492,-0.2557405209110364,0.022645422182824185,-0.41304209528636526,0.6488136461454179,-1.244094329477047
-0.14751752562895395,-1.5725166364367278,0.5701713703079258,-0.9918131908104655,1.2606374435537622,-0.07626025347551207,-0.5966659204977535,1.7900993471668274,1.3100480432508752,0.43204636419779424,0.28164112587637785,-0.927596710923136,-0.35566731374519384,0.2301937643064664,0.9918131908104658,-1.0367029948709312,1.2404031141046403,-1.025735435352669,0.037615472973512774,0.022645422182824185,0.8930198660934462,0.6488136461454179,-1.244094329477047
0.4331172615944814,-1.22766649686727,-1.1943378691278057,-0.9918131908104655,-1.1419387392826768,-1.1311571315229418,1.1907658557289411,1.3550812798115834,0.41885889818225275,-1.358819394135032,-0.3534406487274178,-0.7119392367183964,-0.9799912848473915,-0.4868215905736291,0.9918131908104658,1.867881757920426,-0.6654659472597242,-0.4913263311312364,0.7420812019021382,0.022645422182824185,0.8930198660934462,0.6488136461454179,0.8037975708966928
-0.5829936160465304,-0.5379662177283542,0.36393003063361945,-0.8187030015122497,1.031820664236006,0.27537203920696446,0.2852367604872717,0.4850451451010968,0.41885889818225275,-1.358819394135032,0.21107648425373385,-0.0649668141041777,-0.03460613552380011,0.35672588575589487,0.8187030015122502,-0.3345034117268276,-0.6654659472597242,-0.32306651554620375,-0.044804510533363415,1.3166695469156378,0.8930198660934462,0.6488136461454179,0.8037975708966928
1.0137520488179168,-1.22766649686727,-1.3089163911690869,-0.7754254541876957,0.9174122745771279,-0.7795248388404652,1.0550076515437334,-0.820009056964634,-0.47233024688636976,0.43204636419779424,-0.6356992152179938,0.582005608510041,-0.869274226900364,-0.8073696315788484,0.7754254541876962,0.2725557980715524,-0.03017626013826931,0.21887204680955913,-0.5726673989549578,0.022645422182824185,-0.41304209528636526,-1.5412746108855286,-1.244094329477047
-0.2926762224348128,0.8414343405494774,0.20352009977582572,1.6481171959873282,-0.22667162201165245,1.6819012099368706,1.083954964300592,-1.2550271243198776,1.3100480432508752,-1.358819394135032,-0.3534406487274178,-0.8557108861882229,1.6601847123509563,-0.2963431281766397,-1.6481171959873273,0.9822250733193194,-0.03017626013826931,-0.8049466974583683,-0.049230443630328004,-1.2713787025499892,-0.41304209528636526,0.6488136461454179,0.8037975708966928
1.1589107456237755,0.4965842009800195,-1.583904844068162,0.7825662494962483,0.23096193662385972,-1.4827894242054183,1.3424440313383779,-0.820009056964634,0.41885889818225275,0.43204636419779424,-1.6941688395576533,1.5884071547988257,-1.4270462961377,-1.5690312797183357,-0.7825662494962476,0.8852450221531398,0.6051134269831855,1.3142309207235374,0.22763709953355796,0.022645422182824185,0.8930198660934462,0.6488136461454179,-1.244094329477047
0.7234346552061991,1.5311346196883933,-0.07146835312324931,1.2586192700663428,0.3453703262827378,-0.42789254615798866,-0.4113779046448284,-1.2550271243198776,1.3100480432508752,-1.358819394135032,1.0578521837254613,0.36634813430530144,-0.49473293076996555,0.5165559339025415,-1.258619270066342,-0.5743600559852097,-0.03017626013826931,0.19247610969571036,-0.6542242345576889,1.3166695469156378,-0.41304209528636526,0.6488136461454179,0.8037975708966928
-1.3087871000758247,1.5311346196883933,0.22643580418408196,1.2586192700663428,-0.9131219599649206,1.5060850635956324,1.1830524089495729,0.05002707774585293,1.3100480432508752,0.43204636419779424,-1.4824749146897214,-0.7838250614533097,1.8904404706743931,-1.2460143192702011,-1.258619270066342,1.636188179042485,1.2404031141046403,-0.6189561845582779,1.4473788436466364,0.022645422182824185,0.8930198660934462,0.6488136461454179,0.8037975708966928
-0.5829936160465304,-1.5725166364367278,1.0972325716978195,-0.47248262291581744,0.11655354696498167,0.627004331889441,-0.7976728944973558,-1.2550271243198776,-1.3635193919549924,-1.358819394135032,-1.6236041979350095,0.006919010630735487,0.5140377206260266,-1.45835558055315,0.4724826229158179,-0.7921798855216339,-1.9360453215026339,-0.06731159585695407,-1.1349018835420792,0.022645422182824185,-1.7191040566661766,-1.5412746108855286,-1.244094329477047
-1.3087871000758247,0.8414343405494774,-0.43811962365534934,0.4363458708998164,0.4597787159416158,-0.9553409851817035,-1.598809561193556,1.7900993471668274,-1.3635193919549924,0.43204636419779424,-1.2707809898217894,-1.287025834597702,-0.9730293603111687,-0.9929500763713437,-0.4363458708998159,-1.54361987322201,-0.6654659472597242,-1.261750982756922,0.2134489010333034,-1.2713787025499892,-1.7191040566661766,0.6488136461454179,0.8037975708966928
1.3040694424296344,-1.22766649686727,-0.6901923721461681,1.6481171959873282,-0.9131219599649206,-0.42789254615798866,-0.19078929575395456,-1.2550271243198776,0.41885889818225275,-0.4633865149686188,1.1989814669707495,1.1570922063893465,-0.23385458998698871,0.40492859868901065,-1.6481171959873273,0.29045917782088754,-0.03017626013826931,1.4869363969879072,-0.4875873140135579,0.022645422182824185,-0.41304209528636526,0.6488136461454179,0.8037975708966928
0.8685933520120579,-0.882816357297812,-1.5609891396599058,0.003570397654276513,-0.5698967909882866,1.1544527709131558,1.7102002740009394,-1.690045191675121,1.3100480432508752,-0.4633865149686188,0.8461582588575295,-0.2806242883089173,1.3150284505323486,0.30481527182792434,-0.003570397654276032,1.8194976313107678,0.6051134269831855,-0.16848936628347033,-0.8839530155742195,0.022645422182824185,0.8930198660934462,0.6488136461454179,-1.244094329477047
1.4492281392354933,0.15173406141056162,0.1118572821428007,-1.5111437587051137,1.2606374435537622,-1.1311571315229418,0.7951156939312561,-1.690045191675121,-0.47233024688636976,-1.358819394135032,-1.2002163481991457,0.8695489074496938,-1.175674917580916,-1.2440525809531555,1.5111437587051142,-0.0719047912684336,-1.300755634381179,0.3541941764867115,-1.3437026956733726,-1.2713787025499892,-1.7191040566661766,0.6488136461454179,-1.244094329477047
-0.2926762224348128,-0.19311607815889628,-1.7901461837424681,1.56156210133822,-0.22667162201165245,1.3302689172543942,0.6613382059443643,-0.820009056964634,1.3100480432508752,-0.4633865149686188,-1.5530395563123653,1.300863855859173,1.3185148774194055,-1.406560451861949,-1.5615621013382193,0.6160218871951099,0.6051134269831855,1.2649477203007027,0.2864819033702396,-1.2713787025499892,0.8930198660934462,0.6488136461454179,-1.244094329477047
-0.5829936160465304,-1.22766649686727,-0.7818551897791931,0.046847944978830554,-0.1122632323527744,-1.1311571315229418,-0.2727011557642946,-0.820009056964634,0.41885889818225275,-0.4633865149686188,1.5518046750839691,-0.2806242883089173,-1.0828438680900796,1.6831315726740435,-0.04684794497883007,-0.2517124822357875,-0.03017626013826931,-0.2790112604931704,-0.6241971454840782,-1.2713787025499892,-1.7191040566661766,0.6488136461454179,-1.244094329477047
1.0137520488179168,-0.19311607815889628,0.8222441187987445,1.2586192700663428,-0.7987135703060426,-0.07626025347551207,0.2672807416837977,1.3550812798115834,-0.47233024688636976,1.3274792433642073,-1.0590870649538575,1.7321788042686521,0.11540088420298693,-1.111046723057477,-1.258619270066342,0.6534867080338159,0.6051134269831855,2.0312490579391667,2.1707985977882425,-1.2713787025499892,0.8930198660934462,-1.5412746108855286,0.8037975708966928
-1.3087871000758247,-1.22766649686727,0.38684573504187575,0.3930683235752624,1.2606374435537622,-0.25207639981675034,-1.6991873273455504,-0.820009056964634,0.41885889818225275,1.3274792433642073,1.1989814669707495,0.941434732184607,-0.49233524771781423,1.959466090781991,-0.39306832357526184,-1.8009828658882312,1.2404031141046403,0.4093913609602865,-1.0041920528357315,1.3166695469156378,0.8930198660934462,-1.5412746108855286,0.8037975708966928
1.4492281392354933,1.5311346196883933,0.1576886909593132,1.7346722906364362,-1.4851639082593109,-1.4827894242054183,-1.07084153395399,0.4850451451010968,1.3100480432508752,1.3274792433642073,-0.7062638568406376,-0.49628176251365685,-1.3690100436885255,-0.9144805436895275,-1.7346722906364356,-0.24040092532162222,1.8756928012260952,-0.14527302935954256,0.5189838064749444,0.022645422182824185,-1.7191040566661766,-1.5412746108855286,0.8037975708966928
-1.3087871000758247,-0.19311607815889628,-0.7360237809626806,-0.5590377175649255,0.6885954952593719,-0.9553409851817035,1.3829492573571207,-1.2550271243198776,0.41885889818225275,-1.358819394135032,1.4812400334613256,0.15069066010056187,-0.9934510056174223,2.2968850813138006,0.5590377175649259,0.6374944689082278,-0.6654659472597242,-0.07818376855629451,-0.7298019565169152,-1.2713787025499892,-0.41304209528636526,0.6488136461454179,0.8037975708966928
-1.5991044936875425,-1.5725166364367278,-1.4464106176186244,-0.039707149670277525,-1.0275303496237986,-0.07626025347551207,1.1459195833887124,-0.3849909896093904,0.41885889818225275,0.43204636419779424,-0.5651345735953498,-0.9994825356580492,0.19100442214528765,-0.011367558460624616,0.039707149670278004,1.7084175693320758,0.6051134269831855,-0.835611799943688,0.16270868037206093,0.022645422182824185,-1.7191040566661766,0.6488136461454179,-1.244094329477047
-0.8733110096582481,1.5311346196883933,1.4409681378216634,1.0422315334435726,-1.599572297918189,1.5060850635956324,0.7282581175017512,-1.690045191675121,1.3100480432508752,0.43204636419779424,1.3401107502160374,1.5884071547988257,2.4118583492003687,1.7064018478831335,-1.042231533443572,1.8623990478690053,1.2404031141046403,2.493085074837751,-0.8209703969410782,0.022645422182824185,0.8930198660934462,0.6488136461454179,0.8037975708966928
0.14279986798276373,1.5311346196883933,0.5701713703079258,-1.3380335694068977,1.603862612530396,0.627004331889441,-0.37604089108272387,-0.3849909896093904,-0.47233024688636976,0.43204636419779424,-1.2707809898217894,-1.3589116593326152,0.11262134236687282,-1.1914318355077023,1.338033569406898,-0.9898013283296414,-0.03017626013826931,-1.3690943917103504,-0.9283461002421555,-1.2713787025499892,-0.41304209528636526,0.6488136461454179,0.8037975708966928
-1.4539457968816836,-1.22766649686727,-1.3089163911690869,0.5661785128734785,-0.22667162201165245,0.8028204782306794,-1.423680770395996,0.4850451451010968,0.41885889818225275,-0.4633865149686188,1.2695461085933937,0.5101197837751278,0.8060101250220791,2.2051951382345045,-0.566178512873478,-1.190675498008157,-0.03017626013826931,0.5059864337890432,-0.2169935256572386,0.022645422182824185,-0.41304209528636526,-1.5412746108855286,0.8037975708966928
-0.43783491924067164,0.4965842009800195,-0.8964337118204744,0.34979077625070837,-1.4851639082593109,-0.42789254615798866,1.129746769479479,-1.2550271243198776,1.3100480432508752,-1.358819394135032,-1.2707809898217894,1.0133205569195203,-0.06899798882701448,-1.1279176725840674,-0.3497907762507078,2.1780300197778986,-0.03017626013826931,1.692389331772901,-0.4719749320386955,0.022645422182824185,0.8930198660934462,-1.5412746108855286,0.8037975708966928
1.4492281392354933,-0.882816357297812,1.0514011628813071,0.4796234182243705,1.603862612530396,1.6819012099368706,-1.6272708000318745,-0.3849909896093904,-0.47233024688636976,-0.4633865149686188,-0.07118208223684198,-0.35251011304383045,0.8964521401510193,-0.49074506720772,-0.47962341822436994,-1.8189013987592642,-0.6654659472597242,-0.6304261877257408,-0.766628434372024,0.022645422182824185,-0.41304209528636526,0.6488136461454179,0.8037975708966928
-1.3087871000758247,1.5311346196883933,-0.48395103247186183,-0.8187030015122497,-1.3707555186004328,1.3302689172543942,-0.8042096781886154,1.7900993471668274,1.3100480432508752,1.3274792433642073,-1.1296517065765015,1.4446355053289994,2.0099895433523063,-0.8242405811054389,0.8187030015122502,-0.02689624346616249,1.8756928012260952,2.125760954352888,0.04284548383899154,-1.2713787025499892,-1.7191040566661766,0.6488136461454179,-1.244094329477047
-1.5991044936875425,-0.882816357297812,1.3493053201886382,-0.2560948862930477,-1.3707555186004328,0.27537203920696446,-1.278285835598119,0.9200632124563402,-0.47233024688636976,1.3274792433642073,1.2695461085933937,-0.5681675872485701,0.7409301564636886,2.3812398289467533,0.25609488629304816,-0.5354976668802299,0.6051134269831855,-0.26611703950203885,-0.27603609042055216,1.3166695469156378,0.8930198660934462,-1.5412746108855286,0.8037975708966928
1.1589107456237755,0.15173406141056162,1.4867995466381758,0.3065132289261543,-0.22667162201165245,-1.30697327786418,-1.3573057659115546,-0.820009056964634,-0.47233024688636976,-1.358819394135032,0.42277040912166597,-1.2151400098627887,-1.2440088845672264,-0.08767961396892746,-0.3065132289261538,-1.1331606511862928,-1.300755634381179,-1.1499291004182135,-0.9057757407358805,1.3166695469156378,0.8930198660934462,0.6488136461454179,0.8037975708966928
0.7234346552061991,-1.22766649686727,1.326389615780382,1.4750070066891119,0.5741871056004938,0.0995558928657262,1.6652622499556262,-1.690045191675121,-0.47233024688636976,-1.358819394135032,-0.5651345735953498,1.7321788042686521,-0.08001504013940035,-0.7088077685550829,-1.4750070066891112,0.9196206574562241,-1.300755634381179,1.2859974940406256,-0.5239284279655921,0.022645422182824185,-1.7191040566661766,0.6488136461454179,-1.244094329477047
-1.5991044936875425,1.5311346196883933,-1.767230479334212,0.7825662494962483,1.603862612530396,0.27537203920696446,0.57486887765169,1.7900993471668274,-0.47233024688636976,-1.358819394135032,0.14051184263108982,-0.35251011304383045,-0.1486555902278424,0.9088660520806743,-0.7825662494962476,-0.35970181536958257,-1.300755634381179,-0.6304261877257408,2.4550511018657413,1.3166695469156378,-1.7191040566661766,-1.5412746108855286,0.8037975708966928
-1.018469706464107,-0.882816357297812,-1.0797593470865243,1.0422315334435726,-1.0275303496237986,1.6819012099368706,0.5387425192679793,-1.690045191675121,0.41885889818225275,0.43204636419779424,0.7050289756122418,0.7257772579798675,2.165096801749804,1.135385094675456,-1.042231533443572,1.1004483503932676,0.6051134269831855,1.077890595140253,-0.8592184926294273,1.3166695469156378,0.8930198660934462,0.6488136461454179,0.8037975708966928
1.1589107456237755,-0.19311607815889628,1.2576425025556133,0.4796234182243705,1.7182710021892742,-0.9553409851817035,-1.072324969918641,0.05002707774585293,-1.3635193919549924,-0.4633865149686188,-0.9179577817085696,1.7321788042686521,-1.0706980987323815,-1.0258690022768862,-0.47962341822436994,-1.4777890410611196,-1.300755634381179,0.8629682246779263,-0.2776436901486735,0.022645422182824185,-0.41304209528636526,0.6488136461454179,0.8037975708966928
0.7234346552061991,-0.19311607815889628,-0.7360237809626806,-0.5590377175649255,1.37504583321264,-0.6037086924992269,0.2882393525460341,0.05002707774585293,0.41885889818225275,1.3274792433642073,-0.9179577817085696,-0.8557108861882229,-0.7780954732969295,-0.9751911821328273,0.5590377175649259,-0.46667116287957466,1.2404031141046403,-0.9805741026015622,-0.14071361942604263,-1.2713787025499892,0.8930198660934462,-1.5412746108855286,0.8037975708966928
-1.5991044936875425,-1.5725166364367278,1.211811093739101,-0.9052580961613579,0.6885954952593719,1.3302689172543942,-0.6411788049630179,0.4850451451010968,0.41885889818225275,-0.4633865149686188,-0.3534406487274178,1.8040646290035653,0.9312890644969811,0.2647025247017652,0.9052580961613582,-0.8825821649929988,-0.03017626013826931,1.2971460779102881,-0.46992424625226376,1.3166695469156378,0.8930198660934462,0.6488136461454179,0.8037975708966928
-1.4539457968816836,1.1862844801189352,-0.23187828398104307,-1.4245886640560055,0.002145157306103638,0.4511881855482028,-0.620619419077104,0.4850451451010968,-0.47233024688636976,0.43204636419779424,0.7050289756122418,0.7257772579798675,0.3884136601057391,1.5010163753855108,1.4245886640560061,-0.5982370562673471,-0.03017626013826931,0.6260914185232116,-0.7269575021879395,1.3166695469156378,-1.7191040566661766,0.6488136461454179,0.8037975708966928
-1.018469706464107,-0.19311607815889628,-1.4234949132103683,-0.6455928122140336,0.23096193662385972,1.1544527709131558,0.20375214124106625,-0.820009056964634,-1.3635193919549924,-0.4633865149686188,-0.4945699319727059,0.7976630827147806,0.952440054278458,-0.1883355604877977,0.645592812214034,-0.030969029769677147,-1.300755634381179,0.6094811546769967,-0.7285803969537937,0.022645422182824185,-0.41304209528636526,0.6488136461454179,0.8037975708966928
-1.3087871000758247,-0.5379662177283542,-0.9880965294534995,-1.2947560220823437,-0.5698967909882866,0.9786366245719176,-0.4677589772219963,-1.690045191675121,0.41885889818225275,1.3274792433642073,0.3522057674990219,-0.927596710923136,1.1337342524054037,0.9472091191865623,1.294756022082344,-0.18327854956285264,1.2404031141046403,-0.8274761605088072,-1.419510474487715,-1.2713787025499892,0.8930198660934462,-1.5412746108855286,0.8037975708966928
-1.4539457968816836,-0.19311607815889628,-1.3776635043938557,-0.9485356434859119,-1.1419387392826768,-1.4827894242054183,-0.8695803166799928,0.05002707774585293,-0.47233024688636976,0.43204636419779424,-0.4945699319727059,-1.4307974840675284,-1.3837829079483153,0.0046365043313978845,0.9485356434859122,-0.2420395904780958,-0.03017626013826931,-1.3067392835817793,-0.7472290854552409,-1.2713787025499892,-1.7191040566661766,0.6488136461454179,-1.244094329477047
0.14279986798276373,-0.19311607815889628,-0.2777096927975556,-0.1262622443193856,-1.2563471289415549,-1.4827894242054183,0.6050600913874059,0.05002707774585293,-1.3635193919549924,0.43204636419779424,0.6344643339895978,0.5101197837751278,-1.379087656516909,0.41627041349680255,0.12626224431938607,1.3740219332620531,-0.6654659472597242,0.9536612729787955,0.2436868928263962,-1.2713787025499892,0.8930198660934462,0.6488136461454179,0.8037975708966928
1.5943868360413522,0.15173406141056162,1.2805582069638695,0.6094560601980326,-1.599572297918189,0.8028204782306794,-0.592809547305417,0.9200632124563402,-1.3635193919549924,1.3274792433642073,-1.6236041979350095,-0.7119392367183964,1.5235167783783359,-1.5297530158537682,-0.609456060198032,0.3742589495784552,-0.03017626013826931,-0.37716851778816046,0.6256828110579509,0.022645422182824185,0.8930198660934462,0.6488136461454179,0.8037975708966928
1.0137520488179168,-1.5725166364367278,-0.09438405753150557,-0.039707149670277525,-1.3707555186004328,-0.9553409851817035,-0.3463259457398137,0.9200632124563402,1.3100480432508752,-1.358819394135032,1.6223693167066136,-0.8557108861882229,-0.7396391282396988,0.8122415229738383,0.039707149670278004,0.46433351876051315,-0.03017626013826931,-0.6078138957670283,0.394225553540896,0.022645422182824185,-0.41304209528636526,0.6488136461454179,0.8037975708966928
0.5782759584003403,1.5311346196883933,-0.07146835312324931,0.8691213441453564,-1.599572297918189,-0.42789254615798866,-1.05856431534003,0.9200632124563402,-1.3635193919549924,0.43204636419779424,1.4106753918386812,-1.1432541851278757,-0.031080970560220633,0.8491752232888063,-0.8691213441453558,-0.15039876837688618,-0.6654659472597242,-0.9153410664055187,0.4171464212407103,-1.2713787025499892,0.8930198660934462,0.6488136461454179,0.8037975708966928
-1.3087871000758247,0.4965842009800195,1.3034739113721259,-0.5157601702403715,-1.3707555186004328,-1.1311571315229418,-0.6560348768450824,1.3550812798115834,-0.47233024688636976,0.43204636419779424,-1.1296517065765015,0.07880483536564868,-0.9511490260544684,-0.8242405811054389,0.5157601702403719,0.13206959714733316,-0.03017626013826931,0.5027008870941875,0.1393142346627606,0.022645422182824185,-1.7191040566661766,0.6488136461454179,0.8037975708966928
-0.43783491924067164,1.5311346196883933,-0.3693725104305806,-0.42920507559126386,0.5741871056004938,-1.6586055705466567,0.693805702439814,0.4850451451010968,0.41885889818225275,0.43204636419779424,0.42277040912166597,1.0133205569195203,-1.5856787194987771,0.49169348196861906,0.4292050755912643,0.17771255212842885,0.6051134269831855,0.6778929193317456,0.4033496034742608,1.3166695469156378,0.8930198660934462,0.6488136461454179,0.8037975708966928
-0.2926762224348128,-1.22766649686727,-1.1943378691278057,-0.7754254541876957,0.11655354696498167,0.4511881855482028,-0.6942848319449507,0.9200632124563402,-0.47233024688636976,1.3274792433642073,0.7755936172348858,0.43823395904021467,0.35252107138565697,0.7485672941154159,0.7754254541876962,-0.7074792917010007,0.6051134269831855,0.32408662131930654,-0.23806936853177152,0.022645422182824185,-0.41304209528636526,-1.5412746108855286,-1.244094329477047
1.0137520488179168,-0.5379662177283542,0.4555928482666445,1.1287866280926806,0.5741871056004938,1.3302689172543942,0.90312916305144,-0.3849909896093904,-0.47233024688636976,0.43204636419779424,-0.9885224233312137,1.7321788042686521,0.9739495354121637,-1.0604338744777055,-1.12878662809268,0.3375743312889642,-0.03017626013826931,1.2859974940406256,0.6977059209600436,-1.2713787025499892,-0.41304209528636526,0.6488136461454179,-1.244094329477047
-0.7281523128523893,-1.5725166364367278,0.7534970055739758,0.1766805869524922,1.031820664236006,1.5060850635956324,-1.001162767691806,0.4850451451010968,-1.3635193919549924,-0.4633865149686188,-0.9885224233312137,-0.1368526388390909,0.952440054278458,-0.800139224638881,-0.1766805869524917,-1.2545590060096314,-1.300755634381179,-0.3800159915903687,-0.12583327003388645,-1.2713787025499892,0.8930198660934462,-1.5412746108855286,-1.244094329477047
0.7234346552061991,-0.5379662177283542,-0.5068667368801181,-0.6888703595385877,0.6885954952593719,1.5060850635956324,-0.11051425814653681,-1.2550271243198776,-0.47233024688636976,-1.358819394135032,-0.9179577817085696,-0.49628176251365685,1.07934599296732,-0.9751911821328273,0.688870359538588,-0.4840645054280698,-1.300755634381179,-0.616356317173653,-1.052421187861651,1.3166695469156378,-1.7191040566661766,-1.5412746108855286,-1.244094329477047
-1.018469706464107,-0.882816357297812,-0.7360237809626806,1.4750070066891119,1.603862612530396,1.1544527709131558,-0.6675297545843895,-0.820009056964634,0.41885889818225275,1.3274792433642073,-1.4824749146897214,-1.646454958272268,0.504536741258946,-1.2784584529751826,-1.4750070066891112,-1.1829500338794086,1.2404031141046403,-1.5801424499916674,-0.337285156165141,-1.2713787025499892,0.8930198660934462,-1.5412746108855286,-1.244094329477047
-1.1636284032699657,1.1862844801189352,-1.0797593470865243,1.2153417227417886,1.603862612530396,-0.7795248388404652,1.0278106251304362,0.05002707774585293,1.3100480432508752,-1.358819394135032,-1.6236041979350095,1.2289780311242597,-0.9324863880119887,-1.4248463842520602,-1.215341722741788,-0.05956989552877677,-0.03017626013826931,0.5303381328215028,1.3201897069303472,0.022645422182824185,0.8930198660934462,0.6488136461454179,0.8037975708966928
-0.14751752562895395,-1.22766649686727,-1.6526519572929308,-0.8619805488368038,1.031820664236006,-0.07626025347551207,0.501392571351575,-0.3849909896093904,-1.3635193919549924,1.3274792433642073,1.4106753918386812,1.7321788042686521,-0.31661933261015957,1.2424507359018953,0.8619805488368042,-0.17990496958968694,-0.03017626013826931,1.100670385557919,-0.4879261474752901,-1.2713787025499892,0.8930198660934462,-1.5412746108855286,0.8037975708966928
0.8685933520120579,0.8414343405494774,-0.5756138501048869,1.56156210133822,-1.4851639082593109,-0.42789254615798866,-0.8259352212422083,0.05002707774585293,-1.3635193919549924,-0.4633865149686188,-0.0006174406141979493,1.5884071547988257,-0.06899798882701448,-0.31811209530772433,-1.5615621013382193,0.028749376162882517,-1.300755634381179,2.39245118363288,0.29612579176884624,1.3166695469156378,0.8930198660934462,-1.5412746108855286,-1.244094329477047
-0.43783491924067164,0.8414343405494774,-0.14021546634801807,-1.6842539480033296,-1.1419387392826768,-0.9553409851817035,1.729835138889054,0.9200632124563402,-0.47233024688636976,-1.358819394135032,-0.7768284984632817,0.7257772579798675,-0.7780954732969295,-0.6555310858395339,1.6842539480033298,2.4199218976002457,-1.300755634381179,1.1394995737698497,0.0036125386811229343,-1.2713787025499892,0.8930198660934462,0.6488136461454179,0.8037975708966928
0.4331172615944814,-1.5725166364367278,-1.4693263220268806,-0.5157601702403715,1.37504583321264,1.5060850635956324,0.24570018033213248,0.4850451451010968,1.3100480432508752,-1.358819394135032,1.3401107502160374,0.43823395904021467,0.8370710191067655,0.8628543715536096,0.5157601702403719,-0.49571298403864456,-0.03017626013826931,-0.002078559660910599,0.13522183082646672,1.3166695469156378,-1.7191040566661766,-1.5412746108855286,-1.244094329477047
-0.2926762224348128,0.8414343405494774,-1.5380734352516494,1.518284554013666,0.3453703262827378,-0.9553409851817035,0.8519646301648862,-1.2550271243198776,-0.47233024688636976,-0.4633865149686188,-0.5651345735953498,-0.5681675872485701,-0.9622811259394562,-0.4922638323564002,-1.5182845540136654,0.42431685765078814,-0.6654659472597242,-0.6257979408336067,-0.17040669753792953,0.022645422182824185,0.8930198660934462,0.6488136461454179,0.8037975708966928
1.4492281392354933,-1.5725166364367278,0.38684573504187575,1.0422315334435726,-0.1122632323527744,0.0995558928657262,-0.09767112061877214,0.9200632124563402,-1.3635193919549924,-0.4633865149686188,0.3522057674990219,-1.646454958272268,0.09043745186354817,-0.20825474955318152,-1.042231533443572,-0.10290819016027893,-1.300755634381179,-1.5652098043585554,1.2801603219162563,0.022645422182824185,-1.7191040566661766,0.6488136461454179,0.8037975708966928
0.14279986798276373,0.4965842009800195,0.2493515085923382,0.0901254923033846,1.2606374435537622,1.5060850635956324,1.0032659934282502,-0.820009056964634,-1.3635193919549924,-0.4633865149686188,1.4812400334613256,-0.4243959377787437,0.8743440920083896,1.1308047463876938,-0.0901254923033841,0.07238726788224792,-1.300755634381179,-0.6393551440376426,-0.20517932561293287,0.022645422182824185,-0.41304209528636526,-1.5412746108855286,-1.244094329477047
0.8685933520120579,-0.882816357297812,1.6242937730877134,-0.6023152648894795,1.146229053894884,0.8028204782306794,-1.5107363290486386,1.7900993471668274,-0.47233024688636976,1.3274792433642073,-1.6941688395576533,-0.7119392367183964,0.35756846667441866,-1.5639668295790217,0.60231526488948,-1.6450818116710433,0.6051134269831855,-0.848069497828349,-0.25820847989218754,1.3166695469156378,-1.7191040566661766,-1.5412746108855286,0.8037975708966928
-1.3087871000758247,0.8414343405494774,-0.8276865985957056,1.691394743311882,-0.7987135703060426,0.0995558928657262,-0.5457619344378523,0.4850451451010968,-0.47233024688636976,-1.358819394135032,1.3401107502160374,-0.927596710923136,0.30440972905873853,2.1281755860478957,-1.6913947433118814,-0.12597400743882692,-1.300755634381179,-0.79320261565548,0.9248862495142095,0.022645422182824185,0.8930198660934462,-1.5412746108855286,-1.244094329477047
-0.43783491924067164,0.8414343405494774,0.38684573504187575,-1.6409764006787757,0.9174122745771279,1.5060850635956324,0.6059607989655652,-0.820009056964634,-1.3635193919549924,-1.358819394135032,-0.7768284984632817,0.29446230957038827,0.9933774538555106,-0.6555310858395339,1.6409764006787764,-0.053790518249837785,-1.9360453215026339,-0.01260001711188534,-1.0287290948168977,-1.2713787025499892,-0.41304209528636526,0.6488136461454179,0.8037975708966928
1.0137520488179168,1.1862844801189352,-1.6984833661094432,1.3451743647154508,1.37504583321264,1.6819012099368706,0.6308066003867313,-1.2550271243198776,1.3100480432508752,0.43204636419779424,-1.3413456314444334,-1.0713683603929625,0.9716682268070738,-1.3134981173765627,-1.3451743647154502,-0.23279785907576553,1.2404031141046403,-1.143656693091671,-0.29710780933022285,1.3166695469156378,-0.41304209528636526,0.6488136461454179,0.8037975708966928
0.14279986798276373,1.1862844801189352,1.509715251046432,1.7346722906364362,-1.3707555186004328,-0.6037086924992269,-0.5386060018359451,1.7900993471668274,-0.47233024688636976,-1.358819394135032,-0.9179577817085696,-1.1432541851278757,-0.31661933261015957,-0.8937091968031643,-1.7346722906364356,0.25805039589897794,-1.300755634381179,-0.9495107520320177,2.1091719868345575,0.022645422182824185,0.8930198660934462,-1.5412746108855286,-1.244094329477047
1.3040694424296344,-0.882816357297812,-1.0797593470865243,-0.6023152648894795,-0.1122632323527744,-1.4827894242054183,1.2673035872422238,0.9200632124563402,-1.3635193919549924,0.43204636419779424,-0.2828760071047738,-1.5745691335373548,-1.4180671023625446,-0.6073283729064183,0.60231526488948,1.057544614041915,-0.6654659472597242,-1.497515144155114,0.8599838010385845,0.022645422182824185,-0.41304209528636526,0.6488136461454179,0.8037975708966928
-0.0023588288230951236,-1.22766649686727,0.4555928482666445,1.518284554013666,1.37504583321264,-0.42789254615798866,-0.06821532131312397,-0.3849909896093904,0.41885889818225275,-0.4633865149686188,1.4106753918386812,0.15069066010056187,-0.6434982655966216,1.154261681558354,-1.5182845540136654,-0.7100255195999743,-0.03017626013826931,-0.2195220136477221,0.36452810306559835,1.3166695469156378,0.8930198660934462,-1.5412746108855286,0.8037975708966928
-1.3087871000758247,0.8414343405494774,-0.6214452589213993,0.3065132289261543,0.8030038849182499,0.8028204782306794,-1.6766262134204615,0.05002707774585293,1.3100480432508752,1.3274792433642073,0.7755936172348858,-1.0713683603929625,0.45313800042064145,1.4533376049842766,-0.3065132289261538,-1.6868548409142026,1.8756928012260952,-1.1035544167416442,-0.6482899822410961,1.3166695469156378,-0.41304209528636526,0.6488136461454179,0.8037975708966928
1.3040694424296344,0.8414343405494774,-1.217253573536062,-1.0783682854595735,-0.3410800116705305,-1.30697327786418,0.19705426676988702,-0.820009056964634,0.41885889818225275,1.3274792433642073,-0.14174672385948603,-0.6400534119834832,-1.2373094760391568,-0.510922947040187,1.078368285459574,0.28236067929555125,1.2404031141046403,-0.5776641731554115,-0.8885945483190324,1.3166695469156378,0.8930198660934462,-1.5412746108855286,-1.244094329477047
0.5782759584003403,-0.5379662177283542,0.1118572821428007,-0.29937243361760174,0.9174122745771279,0.0995558928657262,0.8236518750019719,-0.3849909896093904,0.41885889818225275,0.43204636419779424,-1.3413456314444334,-1.4307974840675284,-0.15286973430195083,-1.2847719060204763,0.2993724336176022,0.10441720629524012,0.6051134269831855,-1.4014324006405523,-0.09759285271203748,1.3166695469156378,-0.41304209528636526,0.6488136461454179,0.8037975708966928
-1.3087871000758247,-0.5379662177283542,1.4638838422299196,-0.8619805488368038,-0.3410800116705305,1.3302689172543942,-1.017112155693238,-1.2550271243198776,1.3100480432508752,-1.358819394135032,-0.14174672385948603,1.3727496805940862,1.3754598499079973,0.35672588575589487,0.8619805488368042,-0.7903603388296324,-0.03017626013826931,1.3921177041368809,-1.2535175072827567,-1.2713787025499892,0.8930198660934462,-1.5412746108855286,-1.244094329477047
0.2879585647886226,-0.882816357297812,-0.5756138501048869,-0.039707149670277525,0.23096193662385972,-0.9553409851817035,-1.296338508869545,-1.690045191675121,1.3100480432508752,1.3274792433642073,-0.14174672385948603,1.5884071547988257,-0.9511490260544684,-0.2795499249612317,0.039707149670278004,-1.2379716832020475,1.8756928012260952,1.3142309207235374,-1.3543383530193143,1.3166695469156378,-1.7191040566661766,0.6488136461454179,-1.244094329477047
-1.1636284032699657,-1.22766649686727,0.4785085526749007,-0.08298469699483156,0.3453703262827378,0.9786366245719176,1.7495449460095658,-1.2550271243198776,-1.3635193919549924,1.3274792433642073,-0.7062638568406376,1.1570922063893465,0.7520622563486763,-0.37209913379281384,0.08298469699483203,1.1338573938626904,-0.03017626013826931,0.8848618447589782,-0.47787027567316465,0.022645422182824185,0.8930198660934462,-1.5412746108855286,-1.244094329477047
-1.3087871000758247,-1.5725166364367278,0.13477298655105696,-0.3426499809421558,-0.5698967909882866,1.1544527709131558,1.1132538751944923,-0.3849909896093904,0.41885889818225275,1.3274792433642073,0.49333505074430967,-1.1432541851278757,1.3150284505323486,1.1159186144524664,0.34264998094215626,1.27056631952588,1.2404031141046403,-1.0471384252505862,-0.01973131538004067,0.022645422182824185,0.8930198660934462,-1.5412746108855286,0.8037975708966928
-1.018469706464107,0.15173406141056162,-0.30062539720581183,0.003570397654276513,1.7182710021892742,1.1544527709131558,0.992832914047022,1.7900993471668274,1.3100480432508752,-0.4633865149686188,-0.9179577817085696,-0.0649668141041777,0.47424376356680514,-0.6555310858395339,-0.003570397654276032,-0.12918978248120278,0.6051134269831855,-0.4369654676345336,1.9994120993646525,1.3166695469156378,-0.41304209528636526,0.6488136461454179,0.8037975708966928
-0.0023588288230951236,-1.5725166364367278,0.7076655967574632,-1.0783682854595735,-0.22667162201165245,-0.42789254615798866,0.1498399599648402,1.3550812798115834,-1.3635193919549924,-1.358819394135032,-0.4945699319727059,1.8040646290035653,-0.38983429723834906,-0.5021588174159842,1.078368285459574,0.17280167959331158,-1.9360453215026339,1.7479230844444857,0.1576812982213547,0.022645422182824185,0.8930198660934462,-1.5412746108855286,0.8037975708966928
1.0137520488179168,1.5311346196883933,0.43267714385838824,0.4796234182243705,-1.4851639082593109,1.1544527709131558,-1.3146272151532876,-0.820009056964634,-0.47233024688636976,-1.358819394135032,0.8461582588575295,-0.4243959377787437,1.8810200934652517,0.25550018859635215,-0.47962341822436994,-0.5083196607182692,-1.300755634381179,-0.05776529787704519,-0.851754644590964,-1.2713787025499892,-1.7191040566661766,0.6488136461454179,-1.244094329477047
-1.4539457968816836,0.15173406141056162,0.4555928482666445,-1.0783682854595735,-1.0275303496237986,-1.4827894242054183,0.30918535630375515,0.4850451451010968,1.3100480432508752,-1.358819394135032,-0.21231136548213006,0.7976630827147806,-1.3882694815383256,0.35672588575589487,1.078368285459574,0.8705916951994931,-0.03017626013826931,1.157619861602084,-0.20581513394995743,-1.2713787025499892,-1.7191040566661766,0.6488136461454179,-1.244094329477047
1.5943868360413522,1.5311346196883933,1.1430639805143321,1.1287866280926806,-1.2563471289415549,-0.07626025347551207,-0.06446540811447359,0.9200632124563402,0.41885889818225275,-0.4633865149686188,-0.14174672385948603,-1.0713683603929625,0.27364084733803484,-0.5635077247854041,-1.12878662809268,0.6724415872130654,-0.03017626013826931,-0.8819660246307989,1.3662009681640725,0.022645422182824185,-1.7191040566661766,0.6488136461454179,0.8037975708966928
0.7234346552061991,-0.19311607815889628,-0.4152039192470931,1.3018968173908967,-0.7987135703060426,0.8028204782306794,-1.1972823875075866,0.05002707774585293,-1.3635193919549924,0.43204636419779424,-1.6941688395576533,0.29446230957038827,1.0604451084817446,-1.561234692003865,-1.301896817390896,-0.7505840228899865,-0.6654659472597242,0.504518423563682,-0.04822811637228933,0.022645422182824185,-0.41304209528636526,0.6488136461454179,-1.244094329477047
0.14279986798276373,-0.19311607815889628,-0.8964337118204744,-0.2128173389684937,0.9174122745771279,0.9786366245719176,1.283510020096832,1.3550812798115834,-1.3635193919549924,1.3274792433642073,1.2695461085933937,-1.3589116593326152,0.5635347582964625,0.9521711631649712,0.21281733896849414,0.4386206659575497,-0.03017626013826931,-1.3435643846601912,1.6015644218680576,1.3166695469156378,-1.7191040566661766,0.6488136461454179,-1.244094329477047
1.4492281392354933,-1.5725166364367278,0.684749892349207,1.7779498379609902,1.146229053894884,-1.1311571315229418,1.2275856048610012,0.9200632124563402,-0.47233024688636976,-1.358819394135032,-1.2002163481991457,0.6538914332449542,-1.1692686081759496,-1.2440525809531555,-1.7779498379609895,0.2828127525308758,-1.300755634381179,0.2170636713101729,3.025660357258956,-1.2713787025499892,0.8930198660934462,-1.5412746108855286,0.8037975708966928
0.8685933520120579,1.5311346196883933,-1.5609891396599058,-1.3380335694068977,-0.45548840132940854,-1.1311571315229418,1.7539812460096127,1.3550812798115834,0.41885889818225275,-0.4633865149686188,0.9167229004801736,0.43823395904021467,-1.0526737770055579,0.35672588575589487,1.338033569406898,1.7568161289740694,-0.03017626013826931,0.519785729907437,0.6253562918513618,-1.2713787025499892,-1.7191040566661766,0.6488136461454179,-1.244094329477047
-1.4539457968816836,0.15173406141056162,0.7993284143904883,0.34979077625070837,1.37504583321264,-0.9553409851817035,0.35613561430867285,1.3550812798115834,0.41885889818225275,0.43204636419779424,1.2695461085933937,-0.6400534119834832,-1.0472898886975455,2.2051951382345045,-0.3497907762507078,-0.4203178609966671,0.6051134269831855,-0.8174915121114537,1.4778273339969321,0.022645422182824185,-1.7191040566661766,0.6488136461454179,-1.244094329477047
-1.1636284032699657,-0.5379662177283542,0.6618341879409507,-1.4678662113805596,1.603862612530396,-1.4827894242054183,-1.0404969337800027,-1.690045191675121,1.3100480432508752,0.43204636419779424,0.3522057674990219,-0.9994825356580492,-1.4550402532014195,0.8426092321217009,1.4678662113805603,-1.4300885592034447,1.2404031141046403,-1.105284318858704,-1.496467287350684,0.022645422182824185,0.8930198660934462,0.6488136461454179,0.8037975708966928
1.1589107456237755,-1.5725166364367278,-0.14021546634801807,-0.3426499809421558,0.3453703262827378,-0.9553409851817035,-0.5578745602984162,-1.2550271243198776,-0.47233024688636976,-1.358819394135032,1.1284168253481057,1.7321788042686521,-0.9622811259394562,0.4061042746142088,0.34264998094215626,-0.6901662003165699,-1.300755634381179,1.3884151066231734,-1.0580068656507582,0.022645422182824185,-0.41304209528636526,0.6488136461454179,-1.244094329477047
0.7234346552061991,0.8414343405494774,-0.04855264871499306,-1.2082009274332357,0.9174122745771279,-0.25207639981675034,1.4836954311188442,1.3550812798115834,-1.3635193919549924,0.43204636419779424,0.7050289756122418,-1.4307974840675284,-0.4394315313413161,0.2501725203247973,1.208200927433236,0.5841060893454019,-0.6654659472597242,-1.4014324006405523,0.6518720265831227,1.3166695469156378,0.8930198660934462,0.6488136461454179,0.8037975708966928
-1.4539457968816836,-1.22766649686727,-0.48395103247186183,-1.2082009274332357,0.9174122745771279,-0.42789254615798866,1.2069911992403222,0.05002707774585293,-1.3635193919549924,0.43204636419779424,-1.0590870649538575,-0.927596710923136,-0.5827124298609987,-0.6995422585175961,1.208200927433236,0.38301035453368487,-0.6654659472597242,-0.9963562887780243,-0.22957207411206634,0.022645422182824185,0.8930198660934462,-1.5412746108855286,-1.244094329477047
-0.0023588288230951236,0.4965842009800195,-1.7213990705176996,0.4363458708998164,-0.5698967909882866,-0.25207639981675034,-0.8602209423666636,-1.2550271243198776,1.3100480432508752,1.3274792433642073,-1.0590870649538575,-0.2806242883089173,-0.13532513448321423,-0.9929500763713437,-0.4363458708998159,-0.5441730315184914,1.8756928012260952,-0.16848936628347033,-0.9632831612948155,0.022645422182824185,-0.41304209528636526,0.6488136461454179,0.8037975708966928
-1.5991044936875425,-1.22766649686727,0.7076655967574632,1.691394743311882,0.5741871056004938,0.627004331889441,1.6666826503977001,0.4850451451010968,-1.3635193919549924,1.3274792433642073,0.21107648425373385,1.6602929795337389,0.3716840636684128,1.0008894131348043,-1.6913947433118814,0.9207054271286098,-0.03017626013826931,1.2251870365697373,2.7152863152819697,1.3166695469156378,-0.41304209528636526,0.6488136461454179,-1.244094329477047
-1.018469706464107,1.5311346196883933,1.509715251046432,0.8258437968208023,1.2606374435537622,0.0995558928657262,1.0692039516228227,-0.820009056964634,-1.3635193919549924,1.3274792433642073,1.4812400334613256,0.5101197837751278,-0.21899937977257347,1.9919102244869726,-0.8258437968208017,0.1180961800821263,-0.03017626013826931,0.07820825411883534,0.14302225821275646,1.3166695469156378,0.8930198660934462,0.6488136461454179,-1.244094329477047
0.5782759584003403,-0.5379662177283542,-0.3693725104305806,-0.6455928122140336,0.11655354696498167,0.4511881855482028,0.8489417266599599,0.05002707774585293,-0.47233024688636976,-0.4633865149686188,0.42277040912166597,0.07880483536564868,0.35252107138565697,0.08314292045983324,0.645592812214034,0.556807925668536,-0.6654659472597242,-0.002078559660910599,0.02165519922408192,0.022645422182824185,-0.41304209528636526,-1.5412746108855286,-1.244094329477047
-0.0023588288230951236,-1.22766649686727,-0.8964337118204744,-1.5111437587051137,1.37504583321264,-0.7795248388404652,-1.7336075242515037,1.3550812798115834,1.3100480432508752,-0.4633865149686188,0.6344643339895978,0.6538914332449542,-0.9126926809972375,0.479423700494735,1.5111437587051142,-1.847001628919759,0.6051134269831855,0.16100403082919806,-0.9251199383129286,1.3166695469156378,-1.7191040566661766,-1.5412746108855286,-1.244094329477047
-1.018469706464107,-0.5379662177283542,-1.4005792088021118,-0.38592752826670984,1.603862612530396,-0.7795248388404652,1.700609069043465,-0.3849909896093904,0.41885889818225275,-1.358819394135032,0.28164112587637785,-1.5745691335373548,-0.9324863880119887,0.6681895693237195,0.3859275282667103,0.3862452446333675,-0.6654659472597242,-1.527380435421338,0.1573921074155122,1.3166695469156378,0.8930198660934462,0.6488136461454179,0.8037975708966928
-0.43783491924067164,0.8414343405494774,-0.7360237809626806,-0.6455928122140336,0.9174122745771279,-0.7795248388404652,-0.42655055492916966,-0.820009056964634,-1.3635193919549924,-1.358819394135032,1.4812400334613256,-1.4307974840675284,-0.869274226900364,1.5039504535640482,0.645592812214034,-0.8041716309754916,-1.9360453215026339,-1.4014324006405523,-0.8866639783271282,-1.2713787025499892,-0.41304209528636526,0.6488136461454179,-1.244094329477047
-1.1636284032699657,-0.19311607815889628,1.211811093739101,-0.5157601702403715,0.5741871056004938,-1.1311571315229418,-0.5080099599663442,-0.3849909896093904,0.41885889818225275,-1.358819394135032,1.4812400334613256,-1.0713683603929625,-1.133979615690964,2.13829815576385,0.5157601702403719,-0.7401224074784585,-0.6654659472597242,-1.0856103473240049,-0.6489541882962252,1.3166695469156378,0.8930198660934462,-1.5412746108855286,0.8037975708966928
1.4492281392354933,0.8414343405494774,-0.6214452589213993,0.5229009655489245,-0.1122632323527744,0.9786366245719176,-1.5399841111297818,-1.690045191675121,0.41885889818225275,1.3274792433642073,-0.0006174406141979493,0.36634813430530144,0.9284955375447106,-0.44366334759863024,-0.522900965548924,-1.329111243401175,1.2404031141046403,0.3302406813378013,-1.3329052430404456,0.022645422182824185,-1.7191040566661766,0.6488136461454179,0.8037975708966928
-0.0023588288230951236,0.4965842009800195,0.020194464509775693,-0.7321479068631417,1.2606374435537622,-0.7795248388404652,0.7593549415784935,1.3550812798115834,-0.47233024688636976,-1.358819394135032,-1.5530395563123653,-0.1368526388390909,-0.9023390496356753,-1.4223924279572833,0.732147906863142,-0.09669453505562507,-1.300755634381179,-0.41856640614334173,0.7725611695635999,0.022645422182824185,-0.41304209528636526,0.6488136461454179,-1.244094329477047
-1.1636284032699657,-1.5725166364367278,1.4867995466381758,-0.2560948862930477,-1.0275303496237986,0.4511881855482028,1.5611765942866997,0.05002707774585293,1.3100480432508752,-1.358819394135032,-1.2002163481991457,-0.7838250614533097,0.7832321360266424,-0.938963037886254,0.25609488629304816,2.124216346152,-0.03017626013826931,-0.5964240005581953,0.575523461483355,0.022645422182824185,-0.41304209528636526,-1.5412746108855286,0.8037975708966928
-0.8733110096582481,0.15173406141056162,0.8451598232070008,1.518284554013666,-0.9131219599649206,-1.1311571315229418,-0.18235864480659658,0.9200632124563402,1.3100480432508752,0.43204636419779424,0.7755936172348858,0.8695489074496938,-1.0063255211365822,1.1065458647154722,-1.5182845540136654,0.29871731370378685,1.2404031141046403,1.174952310832917,1.5274182083959014,-1.2713787025499892,0.8930198660934462,0.6488136461454179,0.8037975708966928
1.0137520488179168,-0.5379662177283542,0.20352009977582572,1.0855090807681265,1.7182710021892742,-0.6037086924992269,-0.6493958355283086,1.3550812798115834,-1.3635193919549924,-0.4633865149686188,0.3522057674990219,-1.2151400098627887,-0.8132077883491838,-0.09878975146204803,-1.085509080768126,-1.2016058390410405,-1.300755634381179,-1.2689230307145078,1.185220431225284,0.022645422182824185,-0.41304209528636526,0.6488136461454179,0.8037975708966928
1.5943868360413522,-0.5379662177283542,-1.125590755903037,0.9989539861190184,0.8030038849182499,1.1544527709131558,-0.3893252772685292,0.05002707774585293,1.3100480432508752,-1.358819394135032,0.8461582588575295,-1.5745691335373548,0.7443975318377013,0.08065580259350533,-0.9989539861190179,-0.7359676487885403,-0.03017626013826931,-1.5152711206019185,0.32733187642215406,-1.2713787025499892,0.8930198660934462,-1.5412746108855286,0.8037975708966928
-1.018469706464107,1.5311346196883933,0.1576886909593132,1.7346722906364362,-0.6843051806471646,1.5060850635956324,-0.725495119962332,-1.2550271243198776,0.41885889818225275,1.3274792433642073,-0.42400529035006185,-0.5681675872485701,1.7456021710838443,-0.11046963959584134,-1.7346722906364356,-0.36055448528310813,1.2404031141046403,-0.4369654676345336,-0.6531338795199048,1.3166695469156378,0.8930198660934462,-1.5412746108855286,0.8037975708966928
-0.8733110096582481,-1.5725166364367278,-0.7131080765544244,0.21995813427704622,0.23096193662385972,-0.42789254615798866,1.6545840324310421,0.05002707774585293,-0.47233024688636976,0.43204636419779424,0.9872875421028176,0.7257772579798675,-0.4752517559712367,1.331491858403345,-0.21995813427704572,1.1363990504336623,-0.03017626013826931,0.545412994127311,0.9711025342442989,0.022645422182824185,-0.41304209528636526,0.6488136461454179,0.8037975708966928
1.4492281392354933,1.1862844801189352,0.7305813011657195,0.6094560601980326,-0.45548840132940854,-0.42789254615798866,1.6318219052284013,-0.3849909896093904,0.41885889818225275,-1.358819394135032,-0.7768284984632817,0.006919010630735487,-0.34200052034793177,-0.9615622632986172,-0.609456060198032,1.6467292843770232,-0.6654659472597242,0.08924769101355022,0.7506666565350697,1.3166695469156378,0.8930198660934462,0.6488136461454179,0.8037975708966928
1.4492281392354933,0.15173406141056162,-0.32354110161406807,-0.6023152648894795,0.3453703262827378,0.8028204782306794,-0.3035542424870716,-0.3849909896093904,1.3100480432508752,0.43204636419779424,-1.4824749146897214,0.7976630827147806,0.596212857958846,-1.4323794593895143,0.60231526488948,-0.4891250550463248,1.2404031141046403,0.5701410560938566,-0.6165302830955252,-1.2713787025499892,-0.41304209528636526,-1.5412746108855286,-1.244094329477047
1.4492281392354933,1.5311346196883933,0.501424257083157,0.003570397654276513,-1.1419387392826768,-1.6586055705466567,-0.8567918099384618,1.7900993471668274,1.3100480432508752,0.43204636419779424,-1.4824749146897214,0.7976630827147806,-1.5856787194987771,-1.4323794593895143,-0.003570397654276032,-0.228943372109827,1.2404031141046403,1.221040869014904,0.5678560734779832,0.022645422182824185,-1.7191040566661766,0.6488136461454179,0.8037975708966928
-0.5829936160465304,-1.5725166364367278,-1.1026750514947807,1.1287866280926806,-1.599572297918189,0.627004331889441,-0.479794559666077,-1.690045191675121,1.3100480432508752,-1.358819394135032,1.4812400334613256,-0.49628176251365685,1.3014313856728281,1.6133207470467728,-1.12878662809268,0.5015666865659183,-0.03017626013826931,-0.10808224347948119,-1.0515989900365457,-1.2713787025499892,0.8930198660934462,0.6488136461454179,-1.244094329477047
-0.7281523128523893,1.5311346196883933,1.1888953893308445,0.7392887021716942,-0.1122632323527744,-1.4827894242054183,-0.019390106708881034,0.9200632124563402,1.3100480432508752,-0.4633865149686188,1.2695461085933937,-1.0713683603929625,-1.4180671023625446,1.5135909961506715,-0.7392887021716936,-0.0363564646342592,0.6051134269831855,-1.023652522731025,1.1335620691424444,1.3166695469156378,0.8930198660934462,0.6488136461454179,0.8037975708966928
1.0137520488179168,-0.19311607815889628,1.3722210245968947,-1.0350907381350194,-0.9131219599649206,-1.30697327786418,0.19280987491635299,0.4850451451010968,0.41885889818225275,-1.358819394135032,-1.6236041979350095,-1.1432541851278757,-1.1994432539239805,-1.5159495116956487,1.0350907381350198,0.6662088198999111,-0.6654659472597242,-1.008936292252016,-0.22123312759174843,0.022645422182824185,0.8930198660934462,0.6488136461454179,0.8037975708966928
-0.43783491924067164,0.8414343405494774,-1.5151577308433932,-0.7321479068631417,-0.1122632323527744,0.8028204782306794,0.6414932226476591,1.3550812798115834,-0.47233024688636976,1.3274792433642073,-1.5530395563123653,1.3727496805940862,0.7608839204084781,-1.3978528650095152,0.732147906863142,0.5255029664493389,0.6051134269831855,1.2779659241859798,0.7081287254520366,1.3166695469156378,0.8930198660934462,0.6488136461454179,0.8037975708966928
1.5943868360413522,-0.882816357297812,-0.7131080765544244,-1.4245886640560055,1.2606374435537622,0.8028204782306794,1.183348675905686,-0.820009056964634,1.3100480432508752,-0.4633865149686188,-1.4824749146897214,1.0133205569195203,0.327672356117908,-1.437729654799638,1.4245886640560061,0.19722254861372174,0.6051134269831855,0.4645885454338619,-0.8374659585848465,0.022645422182824185,0.8930198660934462,0.6488136461454179,-1.244094329477047
1.4492281392354933,0.15173406141056162,-0.00272123989848056,-1.0783682854595735,1.2606374435537622,-0.6037086924992269,-1.403753140525245,-1.2550271243198776,1.3100480432508752,-0.4633865149686188,0.14051184263108982,-0.49628176251365685,-0.765671115663055,-0.3494999083804508,1.078368285459574,-1.5961846635180028,0.6051134269831855,-0.6945523285112178,-1.356414867451564,0.022645422182824185,0.8930198660934462,0.6488136461454179,0.8037975708966928
-0.0023588288230951236,0.15173406141056162,-1.125590755903037,1.604839648662774,-0.5698967909882866,-0.7795248388404652,-0.048453684985159735,0.9200632124563402,-1.3635193919549924,-1.358819394135032,-1.2002163481991457,0.43823395904021467,-0.6792077288640502,-1.1156478911101835,-1.6048396486627734,0.2023001298062176,-1.9360453215026339,0.5637181828557929,1.7065470041420086,0.022645422182824185,-1.7191040566661766,0.6488136461454179,0.8037975708966928
0.5782759584003403,0.4965842009800195,-0.2777096927975556,-1.4678662113805596,0.8030038849182499,0.0995558928657262,0.3428925514098904,-1.2550271243198776,1.3100480432508752,1.3274792433642073,1.6223693167066136,1.300863855859173,-0.12938106241347833,1.0133250024664437,1.4678662113805603,-0.19510223373053648,1.8756928012260952,0.8373957585996485,-1.1899327767422867,-1.2713787025499892,-0.41304209528636526,0.6488136461454179,-1.244094329477047
0.14279986798276373,-0.882816357297812,0.4555928482666445,-0.38592752826670984,-1.3707555186004328,0.27537203920696446,-1.1579461202353039,0.05002707774585293,1.3100480432508752,-1.358819394135032,-0.4945699319727059,-0.1368526388390909,0.7409301564636886,-0.5364420303577189,0.3859275282667103,-0.40639404171330756,-0.03017626013826931,0.24642824489544554,-0.6386429346521025,0.022645422182824185,-0.41304209528636526,0.6488136461454179,-1.244094329477047
-1.5991044936875425,0.15173406141056162,0.3410143262253632,-0.039707149670277525,1.031820664236006,-0.9553409851817035,0.26182326621799945,-0.820009056964634,1.3100480432508752,0.43204636419779424,0.6344643339895978,-0.5681675872485701,-1.0216523253260583,1.5530295794595839,0.039707149670278004,-0.35124915510769206,1.2404031141046403,-0.7217128478553582,-0.4887943498095802,1.3166695469156378,0.8930198660934462,0.6488136461454179,0.8037975708966928
-0.7281523128523893,1.1862844801189352,-1.675567661701187,-1.2947560220823437,1.146229053894884,0.27537203920696446,0.5073165096844449,0.9200632124563402,0.41885889818225275,-1.358819394135032,-1.6236041979350095,-0.20873846357400408,-0.05884164464840905,-1.4508758492359424,1.294756022082344,-0.224287181979359,-0.6654659472597242,-0.45565201446152515,-0.07276859338974478,-1.2713787025499892,0.8930198660934462,0.6488136461454179,0.8037975708966928
1.3040694424296344,-0.19311607815889628,-0.14021546634801807,-0.7754254541876957,-1.4851639082593109,0.27537203920696446,-1.3067792925924215,-0.3849909896093904,-0.47233024688636976,-1.358819394135032,-0.3534406487274178,0.8695489074496938,0.7976767144139928,-0.6555310858395339,0.7754254541876962,-0.499694849459239,-1.300755634381179,1.5173738688079064,-0.9856636983352719,1.3166695469156378,0.8930198660934462,0.6488136461454179,0.8037975708966928
0.7234346552061991,0.15173406141056162,-1.6984833661094432,-1.2947560220823437,-0.5698967909882866,-1.4827894242054183,-0.5067429459625417,0.4850451451010968,0.41885889818225275,-0.4633865149686188,-1.4119102730670774,1.7321788042686521,-1.4043845213718318,-1.3481279611416694,1.294756022082344,-0.21912686214521426,-0.03017626013826931,1.8816917713064665,-0.6223876320447419,-1.2713787025499892,-0.41304209528636526,-1.5412746108855286,-1.244094329477047
1.4492281392354933,0.8414343405494774,-0.34645680602232437,0.9556764387944644,-0.7987135703060426,-0.7795248388404652,-1.642208117698594,-1.2550271243198776,0.41885889818225275,0.43204636419779424,1.1284168253481057,0.5101197837751278,-0.6406344952200194,0.3096441661468053,-0.9556764387944638,-1.1771325155732675,0.6051134269831855,0.7335280187200047,-1.0902065534207972,1.3166695469156378,-0.41304209528636526,-1.5412746108855286,0.8037975708966928
0.14279986798276373,-0.19311607815889628,-0.30062539720581183,0.8258437968208023,0.4597787159416158,-1.4827894242054183,0.7913552748121762,-1.2550271243198776,1.3100480432508752,0.43204636419779424,0.8461582588575295,-0.5681675872485701,-1.432516379701875,0.5949039967195252,-0.8258437968208017,0.3132377583055687,1.2404031141046403,-0.6431618464151306,-0.4086633177614964,1.3166695469156378,-0.41304209528636526,-1.5412746108855286,0.8037975708966928
0.7234346552061991,1.5311346196883933,-0.25479398838929934,-0.5590377175649255,-1.0275303496237986,1.1544527709131558,0.5287387818349717,0.9200632124563402,1.3100480432508752,0.43204636419779424,0.8461582588575295,1.3727496805940862,1.5728690878684493,0.35672588575589487,0.5590377175649259,1.090431561563436,1.2404031141046403,1.7954539932967313,0.5179889641102025,-1.2713787025499892,-0.41304209528636526,0.6488136461454179,0.8037975708966928
1.3040694424296344,0.8414343405494774,0.9826540496565382,0.13340303962793815,1.2606374435537622,0.627004331889441,-0.515799049372805,0.4850451451010968,0.41885889818225275,1.3274792433642073,-0.21231136548213006,1.5884071547988257,0.19100442214528765,-0.5591256599733028,-0.13340303962793765,-0.9806451973088378,1.2404031141046403,0.9061660212224637,0.12762163325625417,0.022645422182824185,-0.41304209528636526,-1.5412746108855286,0.8037975708966928
-1.1636284032699657,-1.5725166364367278,1.2576425025556133,-0.6023152648894795,-1.4851639082593109,0.27537203920696446,0.03411514524937419,0.9200632124563402,-1.3635193919549924,1.3274792433642073,1.4812400334613256,-0.20873846357400408,0.7976767144139928,2.13829815576385,0.60231526488948,0.9739386318824323,-0.03017626013826931,0.20475789657044677,0.23173679819022588,0.022645422182824185,0.8930198660934462,0.6488136461454179,-1.244094329477047
0.2879585647886226,1.1862844801189352,0.22643580418408196,-1.0783682854595735,-1.0275303496237986,0.627004331889441,0.918032861772785,0.05002707774585293,1.3100480432508752,-0.4633865149686188,0.06994720100844609,-0.8557108861882229,0.9806413739870938,-0.10602015840201519,1.078368285459574,1.4802335348313724,0.6051134269831855,-0.6761532670200262,-0.23223454699793172,0.022645422182824185,-0.41304209528636526,0.6488136461454179,0.8037975708966928
0.5782759584003403,1.1862844801189352,-1.675567661701187,-0.9918131908104655,0.6885954952593719,-1.6586055705466567,-0.009981704766880558,0.05002707774585293,-0.47233024688636976,-1.358819394135032,0.7050289756122418,0.36634813430530144,-1.5856787194987771,0.30200929269668275,0.9918131908104658,-0.40856672038986547,-1.300755634381179,0.10120708098282492,-0.48174433787099613,-1.2713787025499892,-0.41304209528636526,-1.5412746108855286,-1.244094329477047
0.5782759584003403,0.15173406141056162,-0.07146835312324931,0.9989539861190184,0.4597787159416158,0.27537203920696446,-1.2842707082694802,0.05002707774585293,0.41885889818225275,-0.4633865149686188,-0.2828760071047738,0.8695489074496938,0.0991070182671462,-0.4640230101322906,-0.9989539861190179,-1.2992627223403042,-0.03017626013826931,0.5940164262684521,-0.20926187790787573,0.022645422182824185,-1.7191040566661766,0.6488136461454179,0.8037975708966928
-1.5991044936875425,1.1862844801189352,0.08894157773454445,-0.7754254541876957,0.8030038849182499,0.627004331889441,1.6282421879407094,0.05002707774585293,-0.47233024688636976,1.3274792433642073,-1.4824749146897214,1.5884071547988257,0.30750823471211136,-1.2076712521643134,0.7754254541876962,0.7543435970431626,0.6051134269831855,1.0726624465198051,0.21834571200635364,0.022645422182824185,-0.41304209528636526,-1.5412746108855286,0.8037975708966928
0.5782759584003403,1.1862844801189352,-1.125590755903037,-1.2514784747577896,-1.3707555186004328,0.27537203920696446,-1.3324123376511077,-1.690045191675121,-1.3635193919549924,-1.358819394135032,-0.4945699319727059,-0.7119392367183964,0.7409301564636886,-0.6281727893099279,1.25147847475779,-0.5935660079227331,-1.9360453215026339,-0.4369654676345336,-1.4976073817962792,-1.2713787025499892,-0.41304209528636526,-1.5412746108855286,0.8037975708966928
-1.4539457968816836,0.15173406141056162,-0.18604687516453058,0.5661785128734785,0.11655354696498167,0.27537203920696446,-0.5456995993099704,-0.820009056964634,-1.3635193919549924,0.43204636419779424,0.14051184263108982,-1.2151400098627887,0.19100442214528765,0.7968376125365162,-0.566178512873478,-0.5857509497003895,-0.6654659472597242,-1.1762732111896925,-0.5547118096514752,0.022645422182824185,0.8930198660934462,0.6488136461454179,0.8037975708966928
0.14279986798276373,-0.19311607815889628,0.38684573504187575,-1.0783682854595735,-0.6843051806471646,-0.9553409851817035,-0.5398351945262012,-1.2550271243198776,1.3100480432508752,-0.4633865149686188,0.9167229004801736,1.3727496805940862,-0.8453940771470836,0.6544485244604329,1.078368285459574,-0.18627122242978258,0.6051134269831855,1.5811815896805608,-1.2192998111729834,-1.2713787025499892,0.8930198660934462,-1.5412746108855286,0.8037975708966928
1.1589107456237755,-1.5725166364367278,1.0055697540647945,0.21995813427704622,-0.5698967909882866,0.4511881855482028,0.09365289671827112,-0.3849909896093904,-1.3635193919549924,-0.4633865149686188,-1.0590870649538575,0.582005608510041,0.5898516580245674,-1.1246257799935133,-0.21995813427704572,0.332976439209708,-1.300755634381179,0.7101596926836452,-0.12363711121540605,0.022645422182824185,-0.41304209528636526,0.6488136461454179,0.8037975708966928
1.5943868360413522,0.8414343405494774,1.6013780686794572,0.6527336075225861,0.23096193662385972,-0.42789254615798866,0.7794646740700232,-0.820009056964634,-0.47233024688636976,1.3274792433642073,-0.14174672385948603,1.8040646290035653,-0.4752517559712367,-0.5635077247854041,-0.6527336075225856,0.43226067883998787,0.6051134269831855,1.506435402372594,-0.04071427846891433,0.022645422182824185,-0.41304209528636526,0.6488136461454179,0.8037975708966928
-1.018469706464107,0.4965842009800195,-0.43811962365534934,-1.2082009274332357,-1.1419387392826768,-0.07626025347551207,-1.7089207124261714,0.4850451451010968,-1.3635193919549924,1.3274792433642073,0.21107648425373385,-0.927596710923136,0.23138358445538004,0.5903236484317631,1.208200927433236,-1.1015758389365573,-0.03017626013826931,-0.7359502168663993,-0.9970934185966238,0.022645422182824185,0.8930198660934462,0.6488136461454179,0.8037975708966928
0.7234346552061991,0.8414343405494774,-1.1943378691278057,-0.6023152648894795,-0.5698967909882866,-0.07626025347551207,-1.4070519995401205,-0.3849909896093904,-1.3635193919549924,-1.358819394135032,1.1284168253481057,-1.2151400098627887,0.045969063643731344,0.5698326166180908,0.60231526488948,-1.047020004277046,-1.9360453215026339,-1.1203591801645125,-0.9678903910234203,1.3166695469156378,0.8930198660934462,0.6488136461454179,-1.244094329477047
1.3040694424296344,1.5311346196883933,1.509715251046432,0.5661785128734785,0.4597787159416158,0.0995558928657262,0.2685554600292485,0.05002707774585293,0.41885889818225275,0.43204636419779424,0.14051184263108982,0.22257648483547507,-0.05405532152975575,-0.31811209530772433,-0.566178512873478,-0.09291198133462901,0.6051134269831855,0.03728620356083976,0.480081297947191,0.022645422182824185,0.8930198660934462,0.6488136461454179,0.8037975708966928
-0.43783491924067164,0.4965842009800195,-1.4005792088021118,-0.2128173389684937,0.002145157306103638,1.1544527709131558,-0.12926732611326522,1.3550812798115834,-1.3635193919549924,-1.358819394135032,0.7755936172348858,1.300863855859173,1.0464444533072446,0.8291124725004286,0.21281733896849414,-0.1882427758567846,-1.9360453215026339,1.157619861602084,0.6797455654236271,0.022645422182824185,-1.7191040566661766,0.6488136461454179,-1.244094329477047
-0.5829936160465304,0.4965842009800195,0.1118572821428007,0.4796234182243705,-1.0275303496237986,-1.4827894242054183,0.4131547464532615,-0.3849909896093904,-0.47233024688636976,1.3274792433642073,-0.07118208223684198,-0.4243959377787437,-1.3882694815383256,0.07748258324681129,-0.47962341822436994,0.9746967292298471,0.6051134269831855,-0.1977776682490408,0.1329331531550254,0.022645422182824185,0.8930198660934462,0.6488136461454179,0.8037975708966928
-0.7281523128523893,-0.5379662177283542,-0.5297824412883744,0.5661785128734785,-1.2563471289415549,1.5060850635956324,-0.9365534582342226,-1.2550271243198776,0.41885889818225275,-0.4633865149686188,-1.2707809898217894,0.36634813430530144,2.132960414174847,-1.089355502237575,-0.566178512873478,-0.24139938888628118,-0.03017626013826931,0.7867860641051961,-0.9576206707145986,-1.2713787025499892,-0.41304209528636526,-1.5412746108855286,0.8037975708966928
0.8685933520120579,-0.5379662177283542,0.043110168918031946,1.1287866280926806,1.603862612530396,0.27537203920696446,0.3432637605984008,0.4850451451010968,0.41885889818225275,-0.4633865149686188,-1.0590870649538575,-0.35251011304383045,-0.1486555902278424,-1.096771304227285,-1.12878662809268,-0.5131698690720509,-0.03017626013826931,-0.6304261877257408,1.271076362959767,-1.2713787025499892,-0.41304209528636526,0.6488136461454179,0.8037975708966928
-1.1636284032699657,-1.5725166364367278,-1.0110122338617558,-0.7321479068631417,-1.3707555186004328,-1.4827894242054183,0.3313213306487953,0.05002707774585293,-0.47233024688636976,0.43204636419779424,-0.42400529035006185,0.006919010630735487,-1.3741688216840076,-0.04817690288227654,0.732147906863142,1.1913314155271382,-0.03017626013826931,0.4172766730279401,-0.22215690807212077,-1.2713787025499892,-0.41304209528636526,-1.5412746108855286,-1.244094329477047
1.1589107456237755,-1.22766649686727,-0.8506023030039619,0.7825662494962483,0.8030038849182499,1.1544527709131558,1.5210523829822016,1.7900993471668274,0.41885889818225275,-1.358819394135032,0.49333505074430967,0.43823395904021467,0.7443975318377013,-0.038301225110613804,-0.7825662494962476,0.6751659861216835,-0.6654659472597242,0.13159569483917846,3.3542271775893453,1.3166695469156378,-0.41304209528636526,0.6488136461454179,-1.244094329477047
-1.3087871000758247,-0.19311607815889628,0.5701713703079258,0.6960111548471402,-0.5698967909882866,0.0995558928657262,0.2973816045038196,-1.690045191675121,0.41885889818225275,-1.358819394135032,0.28164112587637785,0.7257772579798675,0.22726326177067668,0.8628543715536096,-0.6960111548471396,0.5203183295981305,-0.6654659472597242,0.8566012025114981,-0.9728364075532567,1.3166695469156378,0.8930198660934462,-1.5412746108855286,0.8037975708966928
1.3040694424296344,-0.5379662177283542,0.9826540496565382,-1.2082009274332357,-0.7987135703060426,1.3302689172543942,0.654056902691998,0.9200632124563402,-1.3635193919549924,-0.4633865149686188,1.2695461085933937,-1.5026833088024416,1.6274716430489997,0.45313131162212644,1.208200927433236,1.0242874446265238,-1.300755634381179,-1.403894869405674,0.054083923493871,-1.2713787025499892,-0.41304209528636526,-1.5412746108855286,0.8037975708966928
1.4492281392354933,-0.882816357297812,-0.6672766677379118,1.604839648662774,0.11655354696498167,0.0995558928657262,0.5703569350245503,-0.3849909896093904,1.3100480432508752,0.43204636419779424,-0.5651345735953498,0.29446230957038827,0.029487772904918084,-0.820317104471348,-1.6048396486627734,0.32857754105371556,1.2404031141046403,0.1936205489272196,0.7643699433273984,0.022645422182824185,0.8930198660934462,0.6488136461454179,0.8037975708966928
0.14279986798276373,1.5311346196883933,-0.6672766677379118,0.8691213441453564,-1.2563471289415549,-0.07626025347551207,1.1468504079387696,-0.820009056964634,0.41885889818225275,1.3274792433642073,0.3522057674990219,-1.0713683603929625,0.27364084733803484,0.17809230253317246,-0.8691213441453558,1.9417515239272238,1.2404031141046403,-0.8819660246307989,0.1923976290296146,1.3166695469156378,-1.7191040566661766,-1.5412746108855286,-1.244094329477047
1.1589107456237755,0.15173406141056162,-0.8506023030039619,0.6094560601980326,-1.2563471289415549,1.1544527709131558,-0.012482113829111014,-0.3849909896093904,-1.3635193919549924,-0.4633865149686188,1.1989814669707495,1.0133205569195203,1.7197782882111108,0.4554826634725222,-0.609456060198032,0.7269136836763438,-1.300755634381179,1.537724504036394,0.0015788853498994498,-1.2713787025499892,-0.41304209528636526,0.6488136461454179,0.8037975708966928
1.3040694424296344,1.5311346196883933,0.684749892349207,0.8258437968208023,1.031820664236006,0.27537203920696446,-1.0518846511309285,0.4850451451010968,0.41885889818225275,-0.4633865149686188,0.5638996923669537,-1.4307974840675284,-0.03460613552380011,-0.028895817709030228,-0.8258437968208017,-1.2908361901880048,-0.03017626013826931,-1.405106560385337,0.13244493061008492,0.022645422182824185,-0.41304209528636526,0.6488136461454179,-1.244094329477047
0.5782759584003403,-0.5379662177283542,-0.5297824412883744,-0.9052580961613579,1.603862612530396,1.1544527709131558,0.8252928997730661,-0.820009056964634,0.41885889818225275,1.3274792433642073,-0.5651345735953498,-0.7119392367183964,0.504536741258946,-0.6828893823691401,0.9052580961613582,-0.19376382676085574,1.2404031141046403,-0.8942362605773871,-0.6824667351336678,1.3166695469156378,-1.7191040566661766,0.6488136461454179,0.8037975708966928
-0.5829936160465304,0.4965842009800195,-1.4234949132103683,1.3018968173908967,-1.599572297918189,-0.42789254615798866,0.30624509937287464,0.9200632124563402,0.41885889818225275,0.43204636419779424,-1.5530395563123653,-0.49628176251365685,-0.031080970560220633,-1.3885447549258791,-1.301896817390896,1.387014999793113,0.6051134269831855,-0.10808224347948119,1.8013702600490604,0.022645422182824185,0.8930198660934462,0.6488136461454179,0.8037975708966928
0.14279986798276373,0.8414343405494774,1.4409681378216634,-1.2082009274332357,-0.22667162201165245,-0.07626025347551207,-1.134267176376512,-1.2550271243198776,-1.3635193919549924,-1.358819394135032,0.9167229004801736,0.15069066010056187,-0.04816446230679812,0.6544485244604329,1.208200927433236,-0.9398946708355196,-1.9360453215026339,0.16100403082919806,-1.3375303581507683,0.022645422182824185,-0.41304209528636526,0.6488136461454179,-1.244094329477047
0.7234346552061991,1.5311346196883933,-0.6214452589213993,1.2153417227417886,-1.4851639082593109,-0.7795248388404652,0.5698183315038626,0.05002707774585293,-0.47233024688636976,0.43204636419779424,1.2695461085933937,1.5884071547988257,-0.5023353404475183,0.6763859820491886,-1.215341722741788,1.5626726358780307,-0.03017626013826931,2.39245118363288,1.032124481372964,-1.2713787025499892,-0.41304209528636526,0.6488136461454179,-1.244094329477047
0.4331172615944814,-1.5725166364367278,-0.5068667368801181,1.1287866280926806,0.6885954952593719,-1.30697327786418,1.577090262158671,0.05002707774585293,1.3100480432508752,-0.4633865149686188,-0.4945699319727059,-0.927596710923136,-1.2895648625580998,-0.5992945874175657,-1.12878662809268,0.7832901873583124,0.6051134269831855,-0.9751380162518919,1.6019475841780442,1.3166695469156378,0.8930198660934462,-1.5412746108855286,0.8037975708966928
-0.2926762224348128,0.8414343405494774,-0.09438405753150557,-1.5544213060296677,-0.5698967909882866,0.27537203920696446,-0.35167556042253534,-0.3849909896093904,-0.47233024688636976,0.43204636419779424,1.4812400334613256,-0.5681675872485701,0.40855745989762204,1.4016363080479508,1.5544213060296683,-0.07653224472274094,-0.03017626013826931,-0.46137238593917573,-1.0081360920612865,0.022645422182824185,-1.7191040566661766,-1.5412746108855286,-1.244094329477047
-1.4539457968816836,-0.19311607815889628,-0.8506023030039619,1.1287866280926806,1.031820664236006,0.627004331889441,1.2176820238694217,-1.2550271243198776,-1.3635193919549924,0.43204636419779424,0.28164112587637785,1.7321788042686521,0.24740706156255937,0.9728823032487648,-1.12878662809268,0.3323978597246827,-0.6654659472597242,1.100670385557919,-0.18174256843585984,-1.2713787025499892,0.8930198660934462,0.6488136461454179,-1.244094329477047
1.1589107456237755,-1.22766649686727,0.776412709982232,1.3451743647154508,-0.6843051806471646,-0.6037086924992269,-0.8241268021389369,1.3550812798115834,-0.47233024688636976,1.3274792433642073,-0.2828760071047738,0.8695489074496938,-0.4752517559712367,-0.5814635025520635,-1.3451743647154502,-0.4531423248509119,0.6051134269831855,1.0579582785247954,1.1847169671649507,-1.2713787025499892,0.8930198660934462,0.6488136461454179,-1.244094329477047
-0.5829936160465304,-1.5725166364367278,-0.8506023030039619,1.4317294593645589,-1.1419387392826768,0.0995558928657262,-1.0289943516990474,-1.2550271243198776,-1.3635193919549924,-1.358819394135032,-0.42400529035006185,-1.646454958272268,0.43327939600584175,-0.2715715448895437,-1.4317294593645582,-0.40528937841436025,-1.9360453215026339,-1.5513631693169425,-0.8171856031433702,0.022645422182824185,-0.41304209528636526,0.6488136461454179,0.8037975708966928
-0.2926762224348128,-0.5379662177283542,-0.8276865985957056,0.3065132289261543,-1.599572297918189,-0.6037086924992269,0.5942137791359492,-0.3849909896093904,0.41885889818225275,1.3274792433642073,-1.3413456314444334,0.15069066010056187,-0.25316636326572867,-1.2106397476821886,-0.3065132289261538,1.711402425829896,1.2404031141046403,0.6991765794465565,0.12580740847869143,-1.2713787025499892,0.8930198660934462,0.6488136461454179,0.8037975708966928
1.0137520488179168,1.1862844801189352,-0.04855264871499306,0.4796234182243705,-0.1122632323527744,1.6819012099368706,-0.2301444736830104,0.05002707774585293,-0.47233024688636976,0.43204636419779424,0.28164112587637785,0.941434732184607,1.5989420060896407,-0.14940260004181954,-0.47962341822436994,-0.21553230924477532,-0.03017626013826931,0.8717979629653316,0.16790644059718934,1.3166695469156378,-0.41304209528636526,0.6488136461454179,0.8037975708966928
0.7234346552061991,0.4965842009800195,-0.9422651206369869,-0.039707149670277525,-0.9131219599649206,-1.30697327786418,1.1487379716426103,-1.2550271243198776,0.41885889818225275,-1.358819394135032,-0.0006174406141979493,1.6602929795337389,-1.1994432539239805,-0.28259430683069164,0.039707149670278004,1.6025759125881451,-0.6654659472597242,2.0329085477591406,-0.5991685461045224,1.3166695469156378,0.8930198660934462,-1.5412746108855286,0.8037975708966928
0.14279986798276373,0.15173406141056162,1.1888953893308445,-1.5111437587051137,0.4597787159416158,-0.07626025347551207,-1.2304166597529642,0.4850451451010968,-0.47233024688636976,0.43204636419779424,0.6344643339895978,-0.1368526388390909,-0.20721766132665795,0.41627041349680255,1.5111437587051142,-1.2574248961493455,-0.03017626013826931,-0.2720083646100559,-0.9551661087866854,0.022645422182824185,-0.41304209528636526,-1.5412746108855286,0.8037975708966928
-0.14751752562895395,1.1862844801189352,-1.4234949132103683,0.34979077625070837,0.6885954952593719,-0.42789254615798866,-0.8007021015545398,0.05002707774585293,1.3100480432508752,-0.4633865149686188,1.0578521837254613,-0.6400534119834832,-0.5492802202064061,0.9261204322783236,-0.3497907762507078,-1.0023807292368632,0.6051134269831855,-0.7359502168663993,-0.18759858344369712,1.3166695469156378,0.8930198660934462,0.6488136461454179,0.8037975708966928
0.2879585647886226,0.8414343405494774,0.5243399614914133,-0.16953979164393965,-0.7987135703060426,0.4511881855482028,-1.2553682207731212,0.4850451451010968,1.3100480432508752,-0.4633865149686188,0.7050289756122418,1.0133205569195203,0.6824274187702415,0.4145691412756338,0.16953979164394012,-0.8062706756152166,0.6051134269831855,1.2678837407514245,-0.41251259499912635,1.3166695469156378,0.8930198660934462,-1.5412746108855286,-1.244094329477047
-0.5829936160465304,1.1862844801189352,1.418052433413407,-1.2947560220823437,1.37504583321264,0.627004331889441,0.4700884304450232,0.4850451451010968,1.3100480432508752,-0.4633865149686188,-0.8473931400859257,-0.2806242883089173,0.1640849806052259,-0.6904364986531695,1.294756022082344,-0.3425213940094048,0.6051134269831855,-0.5456871946279392,-0.29413262668749296,0.022645422182824185,-0.41304209528636526,0.6488136461454179,0.8037975708966928
-1.3087871000758247,-0.19311607815889628,-1.1026750514947807,-1.5111437587051137,0.8030038849182499,-0.07626025347551207,-0.12472316533014163,-1.2550271243198776,0.41885889818225275,-0.4633865149686188,-1.4119102730670774,0.07880483536564868,-0.2750108281220081,-1.1616595716372486,1.5111437587051142,-0.5405147036491312,-0.03017626013826931,-0.16248766506101733,-1.2627093679614703,0.022645422182824185,0.8930198660934462,0.6488136461454179,0.8037975708966928
-0.43783491924067164,-1.5725166364367278,0.776412709982232,-0.039707149670277525,-0.1122632323527744,0.4511881855482028,-0.9481085699173257,-1.690045191675121,-1.3635193919549924,-0.4633865149686188,1.2695461085933937,1.6602929795337389,0.42566068613601316,1.3014990592449622,0.039707149670278004,-0.8259197720991064,-1.300755634381179,1.548744564999745,-1.3011167022158274,1.3166695469156378,0.8930198660934462,0.6488136461454179,-1.244094329477047
0.7234346552061991,1.1862844801189352,0.8909912320235133,-0.8619805488368038,-1.3707555186004328,-0.6037086924992269,-0.6683793333497916,-0.3849909896093904,-0.47233024688636976,1.3274792433642073,-0.9179577817085696,-0.4243959377787437,-0.31661933261015957,-0.9751911821328273,0.8619805488368042,0.11882613815569044,0.6051134269831855,-0.09526861136954412,-0.8260072051991569,-1.2713787025499892,-0.41304209528636526,-1.5412746108855286,-1.244094329477047
-1.5991044936875425,-0.19311607815889628,-1.5151577308433932,0.6960111548471402,-1.0275303496237986,-0.6037086924992269,0.08619019123982141,1.7900993471668274,1.3100480432508752,-0.4633865149686188,0.8461582588575295,0.941434732184607,-0.40122329173606736,1.8290996626219738,-0.6960111548471396,0.6473055990302007,0.6051134269831855,1.3170783945257456,1.913655656738549,-1.2713787025499892,-1.7191040566661766,-1.5412746108855286,0.8037975708966928
1.3040694424296344,-1.5725166364367278,-1.4693263220268806,1.4317294593645589,0.11655354696498167,0.9786366245719176,-0.9571079413572695,0.4850451451010968,0.41885889818225275,-0.4633865149686188,-1.2002163481991457,1.3727496805940862,0.8370710191067655,-1.233963641036922,-1.4317294593645582,-0.9227969298057372,-0.03017626013826931,1.1721160918678717,0.47324861415354214,1.3166695469156378,0.8930198660934462,0.6488136461454179,0.8037975708966928
-1.4539457968816836,-0.19311607815889628,0.43267714385838824,-1.4678662113805596,1.146229053894884,0.0995558928657262,1.5976825665952643,-0.820009056964634,0.41885889818225275,1.3274792433642073,-0.07118208223684198,-0.7119392367183964,-0.19764501508935162,0.5327705764681435,1.4678662113805603,0.5433766810885455,1.2404031141046403,-0.848069497828349,-0.7840976318690437,0.022645422182824185,0.8930198660934462,0.6488136461454179,-1.244094329477047
1.4492281392354933,-1.5725166364367278,0.5701713703079258,-0.08298469699483156,-1.2563471289415549,0.27537203920696446,-1.368760020758534,-0.3849909896093904,1.3100480432508752,-1.358819394135032,0.8461582588575295,1.0852063816544333,0.6868229733017709,0.1213172877104464,0.08298469699483203,-0.6942986883544091,-0.03017626013826931,1.6211621084731935,-0.8102392289806455,-1.2713787025499892,-1.7191040566661766,0.6488136461454179,0.8037975708966928
0.7234346552061991,0.8414343405494774,0.31809862181710696,-0.9918131908104655,1.031820664236006,1.6819012099368706,0.03944725006471325,1.3550812798115834,0.41885889818225275,-0.4633865149686188,0.49333505074430967,-0.2806242883089173,1.0934466528216378,0.0903424721781504,0.9918131908104658,-0.5102963975967864,-0.03017626013826931,-0.4939149436786985,0.17359006838432878,0.022645422182824185,-0.41304209528636526,0.6488136461454179,0.8037975708966928
1.3040694424296344,0.15173406141056162,0.13477298655105696,-1.2082009274332357,1.4894542228715182,1.1544527709131558,0.8957133840175755,0.9200632124563402,-0.47233024688636976,-1.358819394135032,1.4812400334613256,1.2289780311242597,0.5357339869418971,0.5977394504214735,1.208200927433236,-0.10023272403431656,-1.300755634381179,0.5626253357675253,0.15067927935271588,1.3166695469156378,-1.7191040566661766,-1.5412746108855286,-1.244094329477047
-0.7281523128523893,0.15173406141056162,-1.6068205484764182,-0.38592752826670984,-1.4851639082593109,-1.4827894242054183,0.14666577120572857,0.05002707774585293,1.3100480432508752,-0.4633865149686188,1.5518046750839691,1.5884071547988257,-1.3690100436885255,1.8028072737493652,0.3859275282667103,1.0976309719164477,0.6051134269831855,2.39245118363288,-0.10182346426591199,1.3166695469156378,0.8930198660934462,0.6488136461454179,0.8037975708966928
-0.0023588288230951236,0.15173406141056162,1.418052433413407,-0.8187030015122497,-0.9131219599649206,-0.9553409851817035,1.5142431457544692,-1.2550271243198776,-1.3635193919549924,0.43204636419779424,1.1284168253481057,-0.0649668141041777,-0.8132077883491838,0.9088660520806748,0.8187030015122502,1.9606018126717528,-0.6654659472597242,0.16100403082919806,-0.7988119933909686,1.3166695469156378,0.8930198660934462,0.6488136461454179,0.8037975708966928
-1.1636284032699657,0.15173406141056162,-0.20896257957278683,0.26323568160160027,0.23096193662385972,1.6819012099368706,-0.7275059531325458,-1.2550271243198776,0.41885889818225275,-0.4633865149686188,0.3522057674990219,-0.7119392367183964,1.42833732436169,0.8426092321217009,-0.26323568160159977,-0.7802777404508888,-0.03017626013826931,-0.7359502168663993,-0.9651978982808589,0.022645422182824185,0.8930198660934462,0.6488136461454179,-1.244094329477047
-1.4539457968816836,0.8414343405494774,1.0972325716978195,0.34979077625070837,1.4894542228715182,-1.6586055705466567,0.48576326372589645,1.3550812798115834,0.41885889818225275,-1.358819394135032,1.4106753918386812,-1.646454958272268,-1.5856787194987771,2.381239828946753,-0.3497907762507078,-0.37593157949027545,-0.6654659472597242,-1.5793549572368863,1.5772664017338405,-1.2713787025499892,-0.41304209528636526,0.6488136461454179,0.8037975708966928
1.3040694424296344,-1.5725166364367278,-0.5068667368801181,-0.7321479068631417,-0.9131219599649206,-1.30697327786418,0.015168067952046943,-1.2550271243198776,-0.47233024688636976,0.43204636419779424,0.3522057674990219,1.1570922063893465,-1.1994432539239805,-0.17350395650837727,0.732147906863142,0.49220206887260604,-0.03017626013826931,1.4869363969879072,-1.040489675083793,0.022645422182824185,-0.41304209528636526,0.6488136461454179,-1.244094329477047
-0.2926762224348128,-0.882816357297812,1.0743168672895633,0.26323568160160027,0.9174122745771279,0.627004331889441,-1.5195122745807808,-1.690045191675121,1.3100480432508752,0.43204636419779424,-0.42400529035006185,-0.7838250614533097,0.2769729612570972,-0.36165002956989334,-0.26323568160159977,-1.5984852511260872,1.2404031141046403,-0.880620256817302,-1.356574398331887,-1.2713787025499892,0.8930198660934462,-1.5412746108855286,0.8037975708966928
-1.3087871000758247,-0.882816357297812,-0.23187828398104307,1.3018968173908967,-0.3410800116705305,-1.4827894242054183,-0.11837688899600435,-0.3849909896093904,0.41885889818225275,0.43204636419779424,0.7050289756122418,1.5884071547988257,-1.4114940977689667,1.3689828573513239,-1.301896817390896,0.0036759584027143324,0.6051134269831855,1.6031657624181979,0.24528298662393516,1.3166695469156378,-1.7191040566661766,0.6488136461454179,0.8037975708966928
-0.43783491924067164,0.4965842009800195,0.8909912320235133,-1.5111437587051137,1.37504583321264,0.0995558928657262,0.7042450853732999,0.05002707774585293,-1.3635193919549924,1.3274792433642073,-0.3534406487274178,-1.5745691335373548,-0.23970664249569779,-0.25062829720136226,1.5111437587051142,-0.1826608386267409,-0.03017626013826931,-1.524182737568591,-0.5674117989218196,-1.2713787025499892,0.8930198660934462,0.6488136461454179,-1.244094329477047
-0.5829936160465304,1.1862844801189352,1.5326309554546884,1.4750070066891119,-0.1122632323527744,-1.4827894242054183,-0.8120576007494816,-0.820009056964634,-0.47233024688636976,0.43204636419779424,-0.42400529035006185,1.5165213300639127,-1.4180671023625446,-0.2715715448895437,-1.4750070066891112,-0.7102540914267805,-0.03017626013826931,1.4133552445928625,-0.40128628021265167,0.022645422182824185,-0.41304209528636526,-1.5412746108855286,0.8037975708966928
0.4331172615944814,-0.19311607815889628,-0.7589394853709369,0.4363458708998164,-0.9131219599649206,-0.07626025347551207,-0.44931758489467755,-0.3849909896093904,1.3100480432508752,1.3274792433642073,0.3522057674990219,-0.9994825356580492,0.15238087558780797,0.07554339364605363,-0.4363458708998159,0.037221111789144744,1.8756928012260952,-0.8529442491745207,-0.2639301757862503,-1.2713787025499892,-1.7191040566661766,-1.5412746108855286,0.8037975708966928
1.1589107456237755,0.15173406141056162,0.5472556658996695,-0.2560948862930477,1.37504583321264,1.1544527709131558,0.9034156244818188,0.4850451451010968,0.41885889818225275,-1.358819394135032,-1.4119102730670774,-1.5745691335373548,0.5678766037061499,-1.3715177242850813,0.25609488629304816,-0.046685574513470156,-0.6654659472597242,-1.524182737568591,0.6327478497363873,0.022645422182824185,-1.7191040566661766,0.6488136461454179,-1.244094329477047
-1.018469706464107,0.15173406141056162,0.7534970055739758,-0.1262622443193856,-0.7987135703060426,0.0995558928657262,-0.7906423325459079,0.9200632124563402,-0.47233024688636976,-0.4633865149686188,-1.6941688395576533,0.6538914332449542,0.30440972905873853,-1.5120562156510509,0.12626224431938607,-0.36073985174239404,-0.6654659472597242,0.8862010821575534,0.07474632962751769,1.3166695469156378,-1.7191040566661766,0.6488136461454179,0.8037975708966928
-0.5829936160465304,0.8414343405494774,1.0055697540647945,1.3884519120400047,-0.22667162201165245,0.27537203920696446,1.5085643455649553,0.9200632124563402,-1.3635193919549924,1.3274792433642073,1.1284168253481057,0.43823395904021467,0.2935053726247528,1.264266618910418,-1.388451912040004,1.3501548943752373,-0.03017626013826931,0.436989953197074,2.912412488927248,1.3166695469156378,-1.7191040566661766,-1.5412746108855286,0.8037975708966928
-1.4539457968816836,0.15173406141056162,0.9826540496565382,1.0422315334435726,-1.0275303496237986,-0.9553409851817035,1.5350644792564263,0.05002707774585293,0.41885889818225275,-1.358819394135032,1.3401107502160374,-0.7838250614533097,-0.7960417676569707,2.293217483590629,-1.042231533443572,2.0980701638966055,-0.6654659472597242,-0.5964240005581953,1.5127779053231636,-1.2713787025499892,-0.41304209528636526,-1.5412746108855286,-1.244094329477047
1.1589107456237755,1.1862844801189352,-1.240169277944318,0.26323568160160027,-1.2563471289415549,0.627004331889441,0.7636658709280814,-0.820009056964634,1.3100480432508752,1.3274792433642073,0.3522057674990219,0.15069066010056187,1.1000050992655066,-0.13705800282724112,-0.26323568160159977,1.5402212755997295,1.8756928012260952,0.5364732507947968,-0.2090191033215202,1.3166695469156378,-0.41304209528636526,0.6488136461454179,0.8037975708966928
0.7234346552061991,1.1862844801189352,-1.3089163911690869,-1.5976988533542218,-0.5698967909882866,0.4511881855482028,0.38484339207973783,-0.820009056964634,1.3100480432508752,-1.358819394135032,-1.6941688395576533,-0.6400534119834832,0.5898516580245674,-1.561234692003865,1.5976988533542222,0.6007451717419037,-0.03017626013826931,-0.534593140853102,-1.047687231643431,-1.2713787025499892,0.8930198660934462,0.6488136461454179,-1.244094329477047
0.7234346552061991,1.5311346196883933,-1.125590755903037,1.6481171959873282,-1.599572297918189,-1.30697327786418,-1.705231033171317,-0.820009056964634,1.3100480432508752,1.3274792433642073,0.42277040912166597,1.0133205569195203,-1.141507934087761,0.037065789462601625,-1.6481171959873273,-0.878847960398513,1.8756928012260952,1.7755216766812731,-0.7632946925407925,0.022645422182824185,0.8930198660934462,0.6488136461454179,0.8037975708966928
1.0137520488179168,0.8414343405494774,0.7305813011657195,-1.3380335694068977,-1.4851639082593109,0.8028204782306794,0.059811225830637756,0.4850451451010968,-1.3635193919549924,0.43204636419779424,0.14051184263108982,-0.927596710923136,1.4476827418447482,-0.25062829720136254,1.338033569406898,1.002178442277015,-0.6654659472597242,-0.6703194182545262,-0.45876971727410676,1.3166695469156378,-0.41304209528636526,0.6488136461454179,-1.244094329477047
-0.14751752562895395,1.1862844801189352,-1.240169277944318,-0.8619805488368038,0.3453703262827378,0.27537203920696446,-1.6897039831711524,1.7900993471668274,-0.47233024688636976,-0.4633865149686188,-1.5530395563123653,1.5884071547988257,0.12866466278935537,-1.4147238145361059,0.8619805488368042,-1.584881515959139,-0.6654659472597242,1.2625267911571245,-0.49877001358296946,1.3166695469156378,-1.7191040566661766,0.6488136461454179,-1.244094329477047
1.1589107456237755,1.1862844801189352,-0.5526981456966306,1.7779498379609902,0.4597787159416158,1.5060850635956324,0.5369635167419107,-0.820009056964634,-1.3635193919549924,0.43204636419779424,0.3522057674990219,0.7976630827147806,1.1712433968454614,-0.13705800282724112,-1.7779498379609895,0.11560733957684274,-0.6654659472597242,0.5321575126342728,0.31625776681735535,1.3166695469156378,-0.41304209528636526,0.6488136461454179,0.8037975708966928
-0.14751752562895395,-0.5379662177283542,-0.32354110161406807,1.4750070066891119,-1.1419387392826768,-0.42789254615798866,0.9151087139198965,0.4850451451010968,1.3100480432508752,0.43204636419779424,0.21107648425373385,1.0852063816544333,-0.17240803864554388,0.16692770358175205,-1.4750070066891112,1.5855918708470296,1.2404031141046403,1.5472060499951212,1.9439176594764753,-1.2713787025499892,-1.7191040566661766,0.6488136461454179,0.8037975708966928
0.8685933520120579,0.8414343405494774,-1.3089163911690869,0.13340303962793815,-1.0275303496237986,-1.6586055705466567,-1.3507542739316936,0.4850451451010968,1.3100480432508752,-0.4633865149686188,0.49333505074430967,-0.927596710923136,-1.5856787194987771,0.04526220218807054,-0.13340303962793765,-0.7915135787229567,0.6051134269831855,-0.7558825334818571,-0.341918495874937,0.022645422182824185,-1.7191040566661766,-1.5412746108855286,0.8037975708966928
-1.018469706464107,-0.19311607815889628,0.36393003063361945,-0.7321479068631417,-1.2563471289415549,0.27537203920696446,-1.1880539870022788,-1.2550271243198776,-1.3635193919549924,1.3274792433642073,1.3401107502160374,1.0133205569195203,0.6868229733017709,1.8361783827030604,0.732147906863142,-0.504940998781456,-0.03017626013826931,1.537724504036394,-1.2597481374947033,0.022645422182824185,0.8930198660934462,0.6488136461454179,0.8037975708966928
-1.1636284032699657,-0.882816357297812,0.6160027791244382,-1.3813111167314518,-1.2563471289415549,-0.25207639981675034,0.6257952763418408,1.7900993471668274,-0.47233024688636976,-0.4633865149686188,1.2695461085933937,1.5884071547988257,0.06704978435616674,1.8953564825809475,1.381311116731452,1.3957498558677568,-0.6654659472597242,2.205225339530792,0.314247879463335,1.3166695469156378,-0.41304209528636526,0.6488136461454179,-1.244094329477047
-1.3087871000758247,0.4965842009800195,0.08894157773454445,-1.1216458327841277,-1.2563471289415549,0.0995558928657262,-1.1585680707247328,-1.690045191675121,1.3100480432508752,-0.4633865149686188,0.5638996923669537,0.07880483536564868,0.48023191031990276,1.2002733620854191,1.1216458327841279,-0.4740433864261938,0.6051134269831855,0.4530356463579973,-1.4647942408724492,0.022645422182824185,0.8930198660934462,0.6488136461454179,0.8037975708966928
-1.3087871000758247,0.15173406141056162,0.8909912320235133,0.8258437968208023,-0.1122632323527744,-1.4827894242054183,-0.2728706512805578,0.05002707774585293,0.41885889818225275,1.3274792433642073,-1.6236041979350095,0.7976630827147806,-1.4180671023625446,-1.4147238145361059,-0.8258437968208017,-0.2518565812773412,1.2404031141046403,0.7364086425584491,0.31320484434915175,-1.2713787025499892,0.8930198660934462,0.6488136461454179,-1.244094329477047
0.8685933520120579,-0.19311607815889628,-0.4610353280636056,-1.0783682854595735,0.4597787159416158,0.627004331889441,-1.4012856500136937,1.7900993471668274,1.3100480432508752,-0.4633865149686188,1.6223693167066136,-1.5745691335373548,0.40543169786095057,0.8758320250356022,1.078368285459574,-1.3901686231833608,0.6051134269831855,-1.5091866372936384,-0.4516782049370458,1.3166695469156378,-0.41304209528636526,-1.5412746108855286,-1.244094329477047
1.0137520488179168,-1.5725166364367278,0.38684573504187575,1.1720641754172345,0.8030038849182499,0.8028204782306794,1.5419332500332594,-1.2550271243198776,-0.47233024688636976,0.43204636419779424,0.28164112587637785,1.5165213300639127,0.45313800042064145,-0.14940260004181954,-1.172064175417234,0.6905900011920698,-0.03017626013826931,1.0138457745397662,-0.06584796690314554,-1.2713787025499892,-0.41304209528636526,-1.5412746108855286,-1.244094329477047
0.2879585647886226,0.15173406141056162,-0.11729976193976183,0.9123988914699104,1.603862612530396,-0.42789254615798866,-0.9921108666497147,0.4850451451010968,-1.3635193919549924,1.3274792433642073,-1.7647334811802973,0.07880483536564868,-0.6712094554172733,-1.609944801915224,-0.9123988914699098,-1.3980265925108273,-0.03017626013826931,-0.31385410030376515,0.21172424657675243,0.022645422182824185,-1.7191040566661766,0.6488136461454179,-1.244094329477047
1.5943868360413522,0.15173406141056162,0.9826540496565382,0.7392887021716942,1.2606374435537622,0.8028204782306794,-1.2754569414237917,0.05002707774585293,-0.47233024688636976,1.3274792433642073,-0.14174672385948603,-0.49628176251365685,0.327672356117908,-0.5635077247854041,-0.7392887021716936,-1.507248338207446,0.6051134269831855,-0.6945523285112178,-0.29454331937921413,-1.2713787025499892,-0.41304209528636526,0.6488136461454179,0.8037975708966928
-1.018469706464107,-1.5725166364367278,-1.3547477999855995,0.9123988914699104,-1.1419387392826768,1.6819012099368706,1.6980127059079781,0.05002707774585293,-0.47233024688636976,0.43204636419779424,-0.21231136548213006,0.582005608510041,2.2503416999599994,0.12312812308002662,-0.9123988914699098,2.387333766729863,-0.03017626013826931,0.9764169832797412,1.5137171812069488,0.022645422182824185,0.8930198660934462,-1.5412746108855286,0.8037975708966928
1.0137520488179168,-0.19311607815889628,0.7305813011657195,-0.6888703595385877,1.4894542228715182,0.27537203920696446,-0.9534392739432742,-0.820009056964634,1.3100480432508752,-0.4633865149686188,0.28164112587637785,-0.49628176251365685,-0.12720748382081357,-0.14940260004181954,0.688870359538588,-1.3438212635386408,0.6051134269831855,-0.7225628400351217,-1.030135560338644,0.022645422182824185,0.8930198660934462,0.6488136461454179,0.8037975708966928
0.14279986798276373,1.5311346196883933,-0.18604687516453058,-1.4245886640560055,0.3453703262827378,1.5060850635956324,-1.5707118272020997,-1.2550271243198776,-1.3635193919549924,0.43204636419779424,-0.3534406487274178,-0.9994825356580492,1.219610451518167,-0.41735297487590356,1.4245886640560061,-1.490817779643979,-0.6654659472597242,-1.003462887231753,-1.4363483979505067,-1.2713787025499892,0.8930198660934462,-1.5412746108855286,-1.244094329477047
-1.018469706464107,0.4965842009800195,0.043110168918031946,-0.2560948862930477,0.9174122745771279,0.27537203920696446,1.6937150840576012,0.4850451451010968,1.3100480432508752,-0.4633865149686188,-1.5530395563123653,0.36634813430530144,-0.009588835782268056,-1.3563243738671387,0.25609488629304816,0.7367385812516428,0.6051134269831855,0.04526799886847573,1.0283969852980341,-1.2713787025499892,0.8930198660934462,0.6488136461454179,-1.244094329477047
-0.7281523128523893,-0.5379662177283542,1.3722210245968947,-1.0350907381350194,1.031820664236006,-0.6037086924992269,-0.9106080371414313,-0.820009056964634,0.41885889818225275,-0.4633865149686188,0.6344643339895978,0.15069066010056187,-0.7396391282396988,0.8628543715536096,1.0350907381350198,-1.189792668175554,-0.03017626013826931,-0.15221808741370904,-1.111502495936783,-1.2713787025499892,0.8930198660934462,-1.5412746108855286,-1.244094329477047
0.7234346552061991,-1.5725166364367278,0.5472556658996695,-1.5111437587051137,1.031820664236006,-1.1311571315229418,-0.20853449575414246,-0.3849909896093904,1.3100480432508752,1.3274792433642073,-0.21231136548213006,0.15069066010056187,-1.162658923869238,-0.4424243549773385,1.5111437587051142,-0.687657308824432,1.8756928012260952,-0.15221808741370904,-0.9601801995564642,0.022645422182824185,0.8930198660934462,0.6488136461454179,-1.244094329477047
-0.43783491924067164,-1.5725166364367278,1.6242937730877134,-0.8187030015122497,-0.22667162201165245,0.4511881855482028,0.6664601923511126,1.3550812798115834,0.41885889818225275,-0.4633865149686188,-0.9179577817085696,-0.7119392367183964,0.4643402900905284,-0.7904986820522578,0.8187030015122502,0.6204601582867049,-0.03017626013826931,-0.6669537362744303,0.6422493254828584,-1.2713787025499892,-1.7191040566661766,0.6488136461454179,-1.244094329477047
-1.018469706464107,-0.5379662177283542,1.4638838422299196,0.7825662494962483,-0.9131219599649206,-1.6586055705466567,0.9009257213400178,-1.2550271243198776,-1.3635193919549924,1.3274792433642073,-0.4945699319727059,-1.646454958272268,-1.5856787194987771,-0.1883355604877977,-0.7825662494962476,1.359834604802507,-0.03017626013826931,-1.5549084430232492,-0.3910470573444767,-1.2713787025499892,0.8930198660934462,0.6488136461454179,-1.244094329477047
0.4331172615944814,-1.5725166364367278,-0.8047708941874494,1.0422315334435726,-1.0275303496237986,-0.25207639981675034,1.6361349357620751,0.4850451451010968,-0.47233024688636976,-1.358819394135032,0.7755936172348858,-1.646454958272268,-0.006404815815164017,0.4129623841778635,-1.042231533443572,2.199272482183302,-1.300755634381179,-1.5531751981001658,2.126900750522615,1.3166695469156378,-1.7191040566661766,0.6488136461454179,-1.244094329477047
-1.018469706464107,-0.882816357297812,-1.125590755903037,0.0901254923033846,-0.7987135703060426,-0.07626025347551207,-0.05350633231707304,-1.2550271243198776,1.3100480432508752,0.43204636419779424,-0.3534406487274178,-0.9994825356580492,0.11540088420298693,-0.032603718703885266,-0.0901254923033841,0.345949441468878,1.2404031141046403,-0.8695391473742542,-0.84136976273492,-1.2713787025499892,0.8930198660934462,-1.5412746108855286,-1.244094329477047
1.4492281392354933,0.15173406141056162,0.6618341879409507,0.6527336075225861,-0.45548840132940854,-0.42789254615798866,0.8800112353435855,-0.3849909896093904,1.3100480432508752,0.43204636419779424,0.49333505074430967,-1.5745691335373548,-0.34200052034793177,-0.11409131033500235,-0.6527336075225856,0.9692169152636179,1.2404031141046403,-1.4893917849307012,0.4313051261872727,-1.2713787025499892,-0.41304209528636526,0.6488136461454179,-1.244094329477047
-0.8733110096582481,0.4965842009800195,-1.5380734352516494,-0.1262622443193856,-0.3410800116705305,0.627004331889441,0.09453469363965716,0.05002707774585293,-1.3635193919549924,-0.4633865149686188,1.4106753918386812,0.006919010630735487,0.6787213629887562,1.7813838457790914,0.12626224431938607,0.19178421561529388,-1.300755634381179,0.05548000168853953,0.015610764996373611,0.022645422182824185,-0.41304209528636526,0.6488136461454179,0.8037975708966928
1.5943868360413522,0.8414343405494774,-0.1631311707562743,-1.6409764006787757,0.8030038849182499,-0.6037086924992269,0.360546700099689,0.05002707774585293,-1.3635193919549924,-1.358819394135032,-1.4119102730670774,0.8695489074496938,-0.7119001252475978,-1.3917179742725732,1.6409764006787764,-0.1820616902138101,-1.9360453215026339,0.4844957267194135,-0.7304407332852199,1.3166695469156378,0.8930198660934462,-1.5412746108855286,0.8037975708966928
-0.0023588288230951236,-0.19311607815889628,-1.240169277944318,0.0901254923033846,-0.1122632323527744,-1.4827894242054183,1.6334720351305343,0.4850451451010968,-1.3635193919549924,0.43204636419779424,0.49333505074430967,-0.7119392367183964,-1.4180671023625446,0.35672588575589487,-0.0901254923033841,1.3688479661957687,-0.6654659472597242,-0.6851792217138183,1.298712688733917,1.3166695469156378,0.8930198660934462,0.6488136461454179,-1.244094329477047
-0.8733110096582481,-1.5725166364367278,-1.1943378691278057,0.7392887021716942,0.002145157306103638,1.6819012099368706,0.032404781403445125,0.4850451451010968,1.3100480432508752,0.43204636419779424,1.1284168253481057,0.941434732184607,1.539967548208374,1.4814558541952607,-0.7392887021716936,-0.05334024805041357,1.2404031141046403,0.8254145846777888,0.8080168044446904,1.3166695469156378,0.8930198660934462,-1.5412746108855286,0.8037975708966928
-0.14751752562895395,1.5311346196883933,-1.4693263220268806,-0.8619805488368038,1.146229053894884,0.627004331889441,-1.1466753687984936,0.05002707774585293,0.41885889818225275,1.3274792433642073,-1.4119102730670774,-0.20873846357400408,0.21876509623347606,-1.288191693086677,0.8619805488368042,-1.3887674836832131,1.2404031141046403,-0.45565201446152515,-0.8083701033204481,0.022645422182824185,-1.7191040566661766,-1.5412746108855286,0.8037975708966928
-0.0023588288230951236,-1.22766649686727,1.4867995466381758,0.046847944978830554,1.2606374435537622,-1.1311571315229418,-0.19095388850735068,0.4850451451010968,0.41885889818225275,0.43204636419779424,-1.0590870649538575,-1.646454958272268,-1.175674917580916,-0.9929500763713437,-0.04684794497883007,-0.7554589867692381,0.6051134269831855,-1.5777072800884215,0.2602043972569125,0.022645422182824185,0.8930198660934462,-1.5412746108855286,-1.244094329477047
-0.8733110096582481,-0.19311607815889628,-1.3089163911690869,-1.6842539480033296,-1.3707555186004328,1.3302689172543942,0.5843438170897443,0.9200632124563402,0.41885889818225275,1.3274792433642073,1.1284168253481057,-0.8557108861882229,2.0099895433523063,1.4814558541952607,1.6842539480033298,1.462780622048768,1.2404031141046403,-0.6078138957670283,-0.35550731691045473,1.3166695469156378,0.8930198660934462,0.6488136461454179,0.8037975708966928
0.8685933520120579,-0.5379662177283542,1.1201482761060757,1.604839648662774,0.002145157306103638,-1.4827894242054183,1.2885822784802137,1.7900993471668274,-1.3635193919549924,-1.358819394135032,-1.2002163481991457,0.15069066010056187,-1.4211710211984008,-1.2005925320832265,-1.6048396486627734,0.9948400616645489,-1.9360453215026339,0.0945629754443389,4.088576714916892,-1.2713787025499892,0.8930198660934462,-1.5412746108855286,-1.244094329477047
-1.3087871000758247,1.1862844801189352,-1.1714221647195495,0.003570397654276513,1.4894542228715182,0.627004331889441,-0.7605134539380738,0.4850451451010968,1.3100480432508752,1.3274792433642073,1.3401107502160374,1.1570922063893465,0.13796910448427074,2.1281755860478957,-0.003570397654276032,-1.2140751672928538,1.8756928012260952,0.5090758284424147,-0.07341899205370067,1.3166695469156378,0.8930198660934462,-1.5412746108855286,-1.244094329477047
-0.7281523128523893,0.15173406141056162,1.5326309554546884,1.0855090807681265,-0.45548840132940854,0.8028204782306794,0.15504039057746236,-0.3849909896093904,1.3100480432508752,0.43204636419779424,0.21107648425373385,-0.7838250614533097,0.9016776788029137,0.4290299551555684,-1.085509080768126,0.31589190372727427,1.2404031141046403,-0.7000720469585754,0.29334208117787974,0.022645422182824185,-1.7191040566661766,0.6488136461454179,0.8037975708966928
-0.0023588288230951236,1.1862844801189352,-1.3776635043938557,1.2586192700663428,-0.3410800116705305,-0.6037086924992269,0.0651384278831097,0.05002707774585293,0.41885889818225275,-1.358819394135032,1.1989814669707495,0.29446230957038827,-0.5405709891199156,0.9702149594500946,-1.258619270066342,0.1658124941543505,-0.6654659472597242,0.33687741273029576,0.737668672034067,1.3166695469156378,-0.41304209528636526,-1.5412746108855286,0.8037975708966928
1.0137520488179168,0.8414343405494774,-0.43811962365534934,0.3065132289261543,0.002145157306103638,-1.4827894242054183,1.7596754548824234,-0.820009056964634,-0.47233024688636976,-1.358819394135032,0.9167229004801736,-1.287025834597702,-1.4211710211984008,0.30611303717612365,-0.3065132289261538,1.3879298859091045,-1.300755634381179,-1.2342581322528423,0.14471024849451575,-1.2713787025499892,0.8930198660934462,0.6488136461454179,0.8037975708966928
0.2879585647886226,1.1862844801189352,-1.1026750514947807,1.1287866280926806,-1.0275303496237986,-0.07626025347551207,-0.8266342151481203,1.3550812798115834,0.41885889818225275,0.43204636419779424,-0.7062638568406376,0.8695489074496938,0.19100442214528765,-0.7422959691191422,-1.12878662809268,-0.2667097256158667,0.6051134269831855,1.237349128063915,1.0492902360258411,-1.2713787025499892,-0.41304209528636526,-1.5412746108855286,0.8037975708966928
0.2879585647886226,-0.882816357297812,-1.6297362528846744,-1.0783682854595735,-0.9131219599649206,1.3302689172543942,0.42983044375372226,-0.3849909896093904,-1.3635193919549924,-1.358819394135032,-0.21231136548213006,-0.20873846357400408,1.6973227378869944,-0.33739318048097067,1.078368285459574,0.8983792746753542,-1.9360453215026339,0.005011987751702778,-0.6132688993499321,-1.2713787025499892,-0.41304209528636526,0.6488136461454179,-1.244094329477047
1.4492281392354933,-1.5725166364367278,-1.4234949132103683,-0.039707149670277525,-0.9131219599649206,0.0995558928657262,-0.09515950524141685,1.3550812798115834,-1.3635193919549924,0.43204636419779424,-1.2707809898217894,-0.9994825356580492,0.3454986083752062,-1.2911343005622453,0.039707149670278004,0.3841321111965992,-0.6654659472597242,-0.8529442491745207,0.8341950787685768,-1.2713787025499892,0.8930198660934462,0.6488136461454179,-1.244094329477047
-1.1636284032699657,-1.22766649686727,1.6242937730877134,-1.2947560220823437,-0.6843051806471646,0.9786366245719176,-1.0557746432686395,-0.820009056964634,1.3100480432508752,-0.4633865149686188,-1.6941688395576533,-1.646454958272268,1.190388689320074,-1.5058269419796946,1.294756022082344,-0.670595507007348,0.6051134269831855,-1.5581582772540303,-1.2083339100145842,-1.2713787025499892,0.8930198660934462,0.6488136461454179,0.8037975708966928
1.5943868360413522,1.5311346196883933,1.234726798147357,-1.2947560220823437,-0.7987135703060426,0.4511881855482028,-1.1358136478637402,0.9200632124563402,1.3100480432508752,-1.358819394135032,0.42277040912166597,-0.4243959377787437,0.6824274187702415,-0.1954142805688842,1.294756022082344,-0.6916541915427016,-0.03017626013826931,-0.25884689362406027,-0.7038068219144559,0.022645422182824185,0.8930198660934462,0.6488136461454179,0.8037975708966928
-1.4539457968816836,0.15173406141056162,-0.00272123989848056,0.1766805869524922,-0.45548840132940854,0.27537203920696446,0.6166677326726567,0.9200632124563402,-0.47233024688636976,1.3274792433642073,0.8461582588575295,-0.7838250614533097,0.36867273630969405,1.6770610660977587,-0.1766805869524917,0.7318985483767272,0.6051134269831855,-0.7000720469585754,1.157719582843226,0.022645422182824185,0.8930198660934462,0.6488136461454179,-1.244094329477047
1.5943868360413522,-0.19311607815889628,1.3493053201886382,1.2586192700663428,-1.2563471289415549,1.5060850635956324,0.25354530131421743,-0.3849909896093904,-0.47233024688636976,0.43204636419779424,1.1284168253481057,0.941434732184607,2.132960414174847,0.2647025247017652,-1.258619270066342,1.0056776831261518,-0.03017626013826931,1.4542868995995941,0.42379937976370685,-1.2713787025499892,0.8930198660934462,0.6488136461454179,-1.244094329477047
-1.3087871000758247,-0.5379662177283542,0.31809862181710696,-0.3426499809421558,0.4597787159416158,0.9786366245719176,-0.4173914934986969,1.3550812798115834,-0.47233024688636976,0.43204636419779424,-0.5651345735953498,0.8695489074496938,0.711756377454755,-0.14940260004181954,0.34264998094215626,-0.6258065400253937,-0.03017626013826931,0.5940164262684521,0.40112607552724727,-1.2713787025499892,-0.41304209528636526,0.6488136461454179,-1.244094329477047
-0.5829936160465304,-0.5379662177283542,0.7534970055739758,-0.9485356434859119,-1.3707555186004328,-0.6037086924992269,0.2382227665650814,0.4850451451010968,-1.3635193919549924,-1.358819394135032,-1.2707809898217894,-0.9994825356580492,-0.31661933261015957,-1.1093014524167952,0.9485356434859122,1.0914528169713325,-1.9360453215026339,-0.7786623238995231,-0.14812224544783545,0.022645422182824185,-1.7191040566661766,-1.5412746108855286,0.8037975708966928
-0.5829936160465304,0.15173406141056162,0.2493515085923382,-0.42920507559126386,-1.4851639082593109,-0.25207639981675034,-1.4141547021451846,1.3550812798115834,-1.3635193919549924,1.3274792433642073,0.6344643339895978,0.7257772579798675,0.14767068698323726,0.7755908395195209,0.4292050755912643,-0.6176996633537646,-0.03017626013826931,1.3423584058429114,-0.26571951404840394,-1.2713787025499892,-1.7191040566661766,0.6488136461454179,0.8037975708966928
-0.7281523128523893,0.15173406141056162,1.0055697540647945,0.7825662494962483,-0.3410800116705305,-0.6037086924992269,-0.40423387875274136,0.9200632124563402,-1.3635193919549924,0.43204636419779424,1.1284168253481057,0.582005608510041,-0.5405709891199156,1.3689828573513239,-0.7825662494962476,-0.24887986542576096,-0.6654659472597242,0.6182748237720516,0.8709530535188448,0.022645422182824185,0.8930198660934462,0.6488136461454179,0.8037975708966928
1.4492281392354933,0.15173406141056162,1.4867995466381758,0.1766805869524922,0.8030038849182499,0.9786366245719176,0.4380460735296223,-1.2550271243198776,-0.47233024688636976,-1.358819394135032,1.4812400334613256,-1.1432541851278757,0.5987677661291713,0.545052764192254,-0.1766805869524917,-0.12481543215345718,-1.300755634381179,-1.1623710887216832,-0.6991793312356884,0.022645422182824185,-1.7191040566661766,0.6488136461454179,0.8037975708966928
-1.018469706464107,1.5311346196883933,0.31809862181710696,-0.9485356434859119,0.3453703262827378,-1.4827894242054183,-1.1113614682613342,0.9200632124563402,0.41885889818225275,-1.358819394135032,-1.0590870649538575,1.3727496805940862,-1.429829321108947,-0.8112629276234461,0.9485356434859122,-1.1276996338485887,-0.6654659472597242,1.0736943179580516,-0.5231207621417922,0.022645422182824185,-0.41304209528636526,-1.5412746108855286,0.8037975708966928
0.4331172615944814,-0.882816357297812,1.1659796849225883,-0.6888703595385877,-0.9131219599649206,-0.07626025347551207,1.047619888297681,0.05002707774585293,-0.47233024688636976,0.43204636419779424,-0.0006174406141979493,-1.3589116593326152,0.15238087558780797,-0.2056390984637876,0.688870359538588,1.5035269924401147,-0.03017626013826931,-1.2429243568682589,0.06764966679457429,0.022645422182824185,-0.41304209528636526,0.6488136461454179,-1.244094329477047
-0.7281523128523893,-1.5725166364367278,-0.5297824412883744,-0.38592752826670984,0.5741871056004938,-0.25207639981675034,1.4181693050051096,-0.820009056964634,-0.47233024688636976,1.3274792433642073,-1.2002163481991457,-0.7119392367183964,-0.3811477760112757,-1.0170514328379014,0.3859275282667103,0.7309140610604454,0.6051134269831855,-0.7815580599695653,-0.3002848061875109,-1.2713787025499892,-0.41304209528636526,-1.5412746108855286,0.8037975708966928
-1.5991044936875425,1.1862844801189352,0.593087074716182,-1.2514784747577896,0.11655354696498167,0.27537203920696446,-0.4203499606916553,-1.690045191675121,-1.3635193919549924,1.3274792433642073,0.49333505074430967,1.0133205569195203,0.19100442214528765,1.3689828573513239,1.25147847475779,-0.4830583509219627,-0.03017626013826931,0.8459509108876543,-1.4082516990886347,0.022645422182824185,0.8930198660934462,-1.5412746108855286,0.8037975708966928
1.5943868360413522,-0.19311607815889628,0.6618341879409507,0.6094560601980326,-0.22667162201165245,1.1544527709131558,0.7694168117712114,-0.3849909896093904,-1.3635193919549924,-1.358819394135032,-0.21231136548213006,1.0852063816544333,1.1476799599536303,-0.6095194053124691,-0.609456060198032,0.7096734734682048,-1.9360453215026339,1.0579582785247954,0.3577848647075033,-1.2713787025499892,-1.7191040566661766,0.6488136461454179,-1.244094329477047
0.8685933520120579,-0.882816357297812,0.4555928482666445,-0.08298469699483156,1.2606374435537622,-0.25207639981675034,-0.19363149742749272,0.05002707774585293,-0.47233024688636976,1.3274792433642073,-0.3534406487274178,-0.49628176251365685,-0.49233524771781423,-0.5776651649475778,0.08298469699483203,-0.7573151344933643,0.6051134269831855,-0.6945523285112178,-0.09167327375062055,-1.2713787025499892,0.8930198660934462,-1.5412746108855286,-1.244094329477047
0.8685933520120579,-1.22766649686727,0.9368226408400258,-0.9918131908104655,-0.6843051806471646,1.6819012099368706,0.9974632233776678,0.4850451451010968,1.3100480432508752,0.43204636419779424,-1.7647334811802973,0.7257772579798675,1.9306733316717675,-1.6158774435069923,0.9918131908104658,1.256826331456238,1.2404031141046403,0.9084659039088627,0.11547048950050438,0.022645422182824185,-1.7191040566661766,0.6488136461454179,0.8037975708966928
-1.018469706464107,0.4965842009800195,1.2576425025556133,1.0855090807681265,-0.9131219599649206,-1.6586055705466567,0.44022710261079473,0.4850451451010968,-0.47233024688636976,0.43204636419779424,0.28164112587637785,0.07880483536564868,-1.5856787194987771,0.6681895693237195,-1.085509080768126,0.9085631883619673,-0.03017626013826931,0.31699607390669315,1.3115222334295331,0.022645422182824185,-0.41304209528636526,-1.5412746108855286,-1.244094329477047
-0.0023588288230951236,-1.22766649686727,0.9139069364317696,-0.29937243361760174,0.5741871056004938,1.1544527709131558,0.8719433888483943,0.4850451451010968,-0.47233024688636976,0.43204636419779424,-1.6236041979350095,-1.4307974840675284,0.8233831674762259,-1.483741335326703,0.2993724336176022,0.31375753916241217,-0.03017626013826931,-1.3896626346784449,0.58465497366595,-1.2713787025499892,0.8930198660934462,0.6488136461454179,-1.244094329477047
-0.7281523128523893,1.5311346196883933,1.5555466598629446,-1.6409764006787757,-0.3410800116705305,0.8028204782306794,1.7301201995300421,0.9200632124563402,1.3100480432508752,-0.4633865149686188,0.6344643339895978,1.8040646290035653,0.8529059847185668,0.8628543715536096,1.6409764006787764,1.6368307237786444,0.6051134269831855,1.8142138206995149,0.04738444719617965,1.3166695469156378,-0.41304209528636526,0.6488136461454179,-1.244094329477047
-1.018469706464107,1.1862844801189352,-0.20896257957278683,1.4317294593645589,-0.7987135703060426,-0.6037086924992269,-1.6174638735082467,-0.820009056964634,1.3100480432508752,1.3274792433642073,-1.5530395563123653,-1.287025834597702,-0.4516256503642679,-1.3563243738671387,-1.4317294593645582,-1.1534103090435428,1.8756928012260952,-1.1748852742493514,-0.7666661689936022,-1.2713787025499892,-0.41304209528636526,0.6488136461454179,-1.244094329477047
-1.4539457968816836,-0.5379662177283542,-1.1026750514947807,-1.5111437587051137,0.002145157306103638,-0.6037086924992269,1.2427932748801076,-0.820009056964634,1.3100480432508752,1.3274792433642073,-1.4119102730670774,0.941434732184607,-0.598632529696519,-1.1396539852982175,1.5111437587051142,0.9566327763989012,1.8756928012260952,0.8254145846777888,-0.8666131047187119,-1.2713787025499892,0.8930198660934462,-1.5412746108855286,-1.244094329477047
0.8685933520120579,0.8414343405494774,1.1201482761060757,1.3451743647154508,0.23096193662385972,0.627004331889441,1.72960610982369,1.3550812798115834,-0.47233024688636976,-1.358819394135032,1.1284168253481057,1.5165213300639127,0.4765427841952266,0.5124577275398073,-1.3451743647154502,1.1967633000690145,-1.300755634381179,1.250162760173852,3.6616160042297174,1.3166695469156378,0.8930198660934462,0.6488136461454179,0.8037975708966928
-0.0023588288230951236,-0.19311607815889628,1.1430639805143321,0.003570397654276513,1.4894542228715182,-1.30697327786418,0.6391770173902933,0.4850451451010968,1.3100480432508752,0.43204636419779424,-0.5651345735953498,-0.927596710923136,-1.3205021311936929,-0.563507724785404,-0.003570397654276032,-0.2727580610476339,1.2404031141046403,-1.0438598839857833,0.6849049597380473,0.022645422182824185,0.8930198660934462,0.6488136461454179,-1.244094329477047
-0.0023588288230951236,-1.5725166364367278,1.1659796849225883,0.4796234182243705,-0.5698967909882866,0.4511881855482028,1.043238919478563,-0.3849909896093904,0.41885889818225275,0.43204636419779424,0.8461582588575295,0.7976630827147806,0.5898516580245674,0.6634704226029946,-0.47962341822436994,1.206182981989125,0.6051134269831855,0.9298219574254244,0.4107181083270898,1.3166695469156378,0.8930198660934462,0.6488136461454179,0.8037975708966928
-1.1636284032699657,-1.5725166364367278,-0.25479398838929934,-1.0350907381350194,0.11655354696498167,-0.25207639981675034,0.42052219825315007,-1.690045191675121,-0.47233024688636976,-0.4633865149686188,-1.4824749146897214,-1.0713683603929625,-0.2935455255758211,-1.2628852687967913,1.0350907381350198,0.20582554371298775,-0.6654659472597242,-1.0458071387976058,-1.2840976852318111,-1.2713787025499892,0.8930198660934462,0.6488136461454179,-1.244094329477047
0.4331172615944814,-0.19311607815889628,0.38684573504187575,0.0901254923033846,0.11655354696498167,-0.25207639981675034,-0.030227313829298913,-1.690045191675121,-0.47233024688636976,0.43204636419779424,-1.5530395563123653,-0.2806242883089173,-0.2935455255758211,-1.4428420637470898,-0.0901254923033841,-0.16345066086229462,-0.03017626013826931,-0.3282437406411277,-1.1384183876936276,-1.2713787025499892,0.8930198660934462,-1.5412746108855286,0.8037975708966928
1.3040694424296344,-0.882816357297812,0.2493515085923382,-1.5544213060296677,0.002145157306103638,0.4511881855482028,0.20434257396920638,0.4850451451010968,-1.3635193919549924,0.43204636419779424,1.1989814669707495,0.006919010630735487,0.3884136601057391,0.40492859868901065,1.5544213060296683,0.09012817825293787,-0.6654659472597242,-0.038319135325379214,-0.5499849224991463,-1.2713787025499892,-0.41304209528636526,0.6488136461454179,0.8037975708966928
-1.018469706464107,-0.882816357297812,-1.3318320955773433,-0.29937243361760174,1.37504583321264,-0.07626025347551207,-1.3697678887250746,1.3550812798115834,1.3100480432508752,-0.4633865149686188,-0.14174672385948603,-1.0713683603929625,-0.37430385019600587,0.2009940439719827,0.2993724336176022,-1.5986055018769603,0.6051134269831855,-1.143656693091671,-0.1732847872262392,0.022645422182824185,0.8930198660934462,0.6488136461454179,-1.244094329477047
-1.018469706464107,1.5311346196883933,0.2951829174088507,1.1720641754172345,-1.2563471289415549,0.0995558928657262,0.5699850254413447,-1.2550271243198776,-1.3635193919549924,-0.4633865149686188,0.9872875421028176,0.07880483536564868,0.48023191031990276,1.4468487782432804,-1.172064175417234,1.337267579734911,-1.300755634381179,0.4530356463579973,-0.3686563448838974,-1.2713787025499892,0.8930198660934462,0.6488136461454179,-1.244094329477047
0.4331172615944814,1.5311346196883933,-1.7443147749259558,-0.9485356434859119,-1.0275303496237986,-0.42789254615798866,-1.6239551315443117,0.4850451451010968,-0.47233024688636976,1.3274792433642073,1.5518046750839691,0.43823395904021467,-0.2038140537756157,1.0315638668195144,0.9485356434859122,-1.0650708684020156,0.6051134269831855,0.7589735292929295,-0.876055734025485,0.022645422182824185,0.8930198660934462,-1.5412746108855286,0.8037975708966928
-0.7281523128523893,-0.882816357297812,-0.04855264871499306,-1.2514784747577896,0.5741871056004938,-1.6586055705466567,1.170513943114265,0.9200632124563402,-0.47233024688636976,1.3274792433642073,0.7050289756122418,0.22257648483547507,-1.5856787194987771,0.9351584409532834,1.25147847475779,0.5417779429452751,0.6051134269831855,0.008977887151978182,0.22122652035502702,1.3166695469156378,-1.7191040566661766,0.6488136461454179,-1.244094329477047
-1.4539457968816836,0.8414343405494774,0.684749892349207,0.5661785128734785,-0.22667162201165245,0.4511881855482028,-0.21767884889601385,0.9200632124563402,0.41885889818225275,1.3274792433642073,0.21107648425373385,0.006919010630735487,0.4643402900905284,0.8848599578926405,-0.566178512873478,-0.1456583816898591,1.2404031141046403,0.023011069645260104,0.8707009166402141,-1.2713787025499892,0.8930198660934462,0.6488136461454179,0.8037975708966928
1.3040694424296344,0.15173406141056162,-1.583904844068162,0.0901254923033846,0.4597787159416158,-0.07626025347551207,0.11818001855307457,-1.2550271243198776,0.41885889818225275,0.43204636419779424,1.4812400334613256,-0.0649668141041777,-0.20721766132665795,0.5977394504214735,-0.0901254923033841,-0.20973479702209608,0.6051134269831855,-0.21014945097587664,-0.80049646492201,1.3166695469156378,0.8930198660934462,0.6488136461454179,0.8037975708966928
-1.3087871000758247,0.15173406141056162,1.326389615780382,1.7779498379609902,-1.1419387392826768,-0.9553409851817035,1.2621493826794916,-1.690045191675121,0.41885889818225275,-1.358819394135032,0.8461582588575295,0.5101197837751278,-0.7780954732969295,1.5376923526172288,-1.7779498379609895,1.9409828850290083,-0.6654659472597242,0.894875688034687,-0.5431576815156942,0.022645422182824185,0.8930198660934462,0.6488136461454179,-1.244094329477047
1.0137520488179168,-0.882816357297812,-0.30062539720581183,-1.4245886640560055,-1.2563471289415549,0.27537203920696446,1.7459687306953504,0.9200632124563402,1.3100480432508752,0.43204636419779424,-1.4119102730670774,-0.35251011304383045,0.6868229733017709,-1.3641109659563344,1.4245886640560061,2.569553811542217,1.2404031141046403,-0.04758998026280129,0.2715110710325679,0.022645422182824185,0.8930198660934462,-1.5412746108855286,0.8037975708966928
-0.0023588288230951236,-1.5725166364367278,1.3034739113721259,-0.9485356434859119,-1.3707555186004328,0.9786366245719176,1.1099746272310853,0.9200632124563402,-1.3635193919549924,0.43204636419779424,-0.9885224233312137,0.8695489074496938,1.586969747722767,-0.9316011690019238,0.9485356434859122,2.0266912386235054,-0.6654659472597242,1.4423672418229085,0.46925638011999343,0.022645422182824185,-0.41304209528636526,0.6488136461454179,-1.244094329477047
-1.1636284032699657,1.1862844801189352,1.0514011628813071,-1.5111437587051137,1.031820664236006,-0.6037086924992269,-0.9651982004827104,-1.2550271243198776,-1.3635193919549924,-0.4633865149686188,0.6344643339895978,-1.1432541851278757,-0.7396391282396988,1.1665314630322385,1.5111437587051142,-1.2288365142550464,-1.300755634381179,-1.1773086562086774,-1.3714010689348224,0.022645422182824185,0.8930198660934462,0.6488136461454179,0.8037975708966928
0.7234346552061991,-1.22766649686727,1.5784623642712008,0.8258437968208023,-1.3707555186004328,0.4511881855482028,-1.5691765620299962,0.05002707774585293,-1.3635193919549924,-0.4633865149686188,0.21107648425373385,-0.8557108861882229,0.952440054278458,-0.122764258684045,-0.8258437968208017,-0.8475729214756829,-1.300755634381179,-0.6078138957670283,-0.4335575911654395,1.3166695469156378,0.8930198660934462,-1.5412746108855286,0.8037975708966928
-1.5991044936875425,-0.5379662177283542,0.776412709982232,0.7392887021716942,1.37504583321264,-1.30697327786418,-1.3793191711849166,1.3550812798115834,1.3100480432508752,1.3274792433642073,1.5518046750839691,0.29446230957038827,-1.3164843040981613,2.7493332731632725,-0.7392887021716936,-1.6051262361226506,1.8756928012260952,-0.11080028665431624,0.34206864321873254,0.022645422182824185,0.8930198660934462,-1.5412746108855286,0.8037975708966928
1.4492281392354933,-0.882816357297812,0.9139069364317696,0.6527336075225861,-0.5698967909882866,-0.7795248388404652,1.2858794553510406,0.9200632124563402,0.41885889818225275,0.43204636419779424,0.21107648425373385,-0.5681675872485701,-0.6792077288640502,-0.30241818877136123,-0.6527336075225856,1.4293068469039274,0.6051134269831855,-0.46137238593917573,2.035268213091045,1.3166695469156378,0.8930198660934462,0.6488136461454179,-1.244094329477047
1.1589107456237755,0.8414343405494774,0.2722672130005945,-1.4245886640560055,1.37504583321264,-1.1311571315229418,0.7341092147863095,-1.690045191675121,-1.3635193919549924,-0.4633865149686188,-1.5530395563123653,0.941434732184607,-1.1818870963978536,-1.4702745020017087,1.4245886640560061,-0.16227236700527106,-1.300755634381179,0.37844748481600937,-1.331024277278136,0.022645422182824185,-1.7191040566661766,0.6488136461454179,0.8037975708966928
0.4331172615944814,-0.5379662177283542,-0.8276865985957056,-0.3426499809421558,-0.3410800116705305,-1.6586055705466567,-1.7078287970961945,-1.690045191675121,-1.3635193919549924,0.43204636419779424,-1.2707809898217894,0.8695489074496938,-1.5856787194987771,-1.2178960700592167,0.34264998094215626,-1.4006113267449973,-0.6654659472597242,0.8996722348138079,-1.4465181186301739,-1.2713787025499892,0.8930198660934462,0.6488136461454179,0.8037975708966928
1.5943868360413522,-1.5725166364367278,-0.39228821483883686,-1.5544213060296677,-1.1419387392826768,-0.42789254615798866,-1.617940842295748,0.4850451451010968,0.41885889818225275,0.43204636419779424,-1.0590870649538575,-0.5681675872485701,-0.17240803864554388,-1.1616595716372484,1.5544213060296683,-1.0084068497475867,0.6051134269831855,-0.3282437406411277,-1.087363135229416,0.022645422182824185,0.8930198660934462,0.6488136461454179,0.8037975708966928
0.7234346552061991,0.8414343405494774,0.18060439536756945,-0.6888703595385877,0.3453703262827378,1.5060850635956324,0.013140425309145776,0.05002707774585293,1.3100480432508752,1.3274792433642073,0.7050289756122418,-1.5745691335373548,1.219610451518167,0.2501725203247973,0.688870359538588,-0.23877675703121704,1.8756928012260952,-1.507016149095948,-0.31544958975914966,-1.2713787025499892,0.8930198660934462,-1.5412746108855286,0.8037975708966928
1.5943868360413522,-0.5379662177283542,1.2805582069638695,-1.5976988533542218,-1.2563471289415549,0.627004331889441,0.1913089290843194,-1.2550271243198776,1.3100480432508752,1.3274792433642073,-0.4945699319727059,-0.6400534119834832,1.1000050992655066,-0.7935661274207289,1.5976988533542222,0.9404616225005727,1.8756928012260952,-0.3813403980100003,-1.245555915212427,0.022645422182824185,0.8930198660934462,0.6488136461454179,0.8037975708966928
-1.5991044936875425,0.4965842009800195,-1.3089163911690869,0.003570397654276513,-1.599572297918189,1.1544527709131558,0.6835295114703335,0.4850451451010968,1.3100480432508752,1.3274792433642073,-0.2828760071047738,-0.9994825356580492,1.9676875637893525,0.35672588575589514,-0.003570397654276032,1.8120137164062828,1.8756928012260952,-0.7359502168663993,0.7089342428342424,-1.2713787025499892,0.8930198660934462,0.6488136461454179,0.8037975708966928
-0.2926762224348128,1.1862844801189352,-0.5756138501048869,-1.0350907381350194,1.603862612530396,0.4511881855482028,0.7054924883256339,0.9200632124563402,1.3100480432508752,0.43204636419779424,0.9872875421028176,-0.5681675872485701,-0.01801712393048466,0.9444879982951764,1.0350907381350198,-0.27314694321143934,1.2404031141046403,-0.7887122314367285,0.21725118291228776,-1.2713787025499892,-0.41304209528636526,0.6488136461454179,0.8037975708966928
-1.018469706464107,-1.5725166364367278,-0.8506023030039619,-0.6455928122140336,-0.3410800116705305,-1.6586055705466567,0.8853552468687447,0.05002707774585293,-1.3635193919549924,1.3274792433642073,-1.1296517065765015,0.7257772579798675,-1.5856787194987771,-0.8891288485154022,0.645592812214034,0.8904774205330007,-0.03017626013826931,0.7589735292929295,0.0353542831404075,0.022645422182824185,-0.41304209528636526,0.6488136461454179,0.8037975708966928
1.0137520488179168,0.15173406141056162,1.3034739113721259,0.1766805869524922,1.2606374435537622,0.627004331889441,1.1210849882826712,-1.2550271243198776,-0.47233024688636976,-0.4633865149686188,-0.07118208223684198,-0.2806242883089173,0.19100442214528765,-0.40246684294067675,-0.1766805869524917,0.15406068087127636,-0.6654659472597242,-0.5289607750904921,-0.5325534609960726,-1.2713787025499892,-0.41304209528636526,0.6488136461454179,-1.244094329477047
-0.0023588288230951236,-0.19311607815889628,-0.1631311707562743,-0.5590377175649255,0.23096193662385972,-0.6037086924992269,0.3763370985052872,0.9200632124563402,-1.3635193919549924,0.43204636419779424,-0.21231136548213006,-0.2806242883089173,-0.633884179332314,-0.25676318793830455,0.5590377175649259,0.10789624570221944,-0.6654659472597242,-0.35154125356828614,0.43915355556389796,1.3166695469156378,0.8930198660934462,0.6488136461454179,-1.244094329477047
-1.4539457968816836,-1.5725166364367278,-0.9193494162287307,-1.0350907381350194,-0.5698967909882866,-0.25207639981675034,-1.1843958255087133,-0.820009056964634,0.41885889818225275,-0.4633865149686188,-1.4119102730670774,-1.1432541851278757,-0.13532513448321423,-1.1396539852982175,1.0350907381350198,-0.8422730689869747,-0.03017626013826931,-1.0471384252505862,-1.170513688375057,0.022645422182824185,0.8930198660934462,0.6488136461454179,-1.244094329477047
0.2879585647886226,-1.22766649686727,0.31809862181710696,-0.42920507559126386,-1.1419387392826768,-1.1311571315229418,-0.014022281764081537,0.4850451451010968,-1.3635193919549924,-1.358819394135032,-0.4945699319727059,-0.20873846357400408,-0.9799912848473915,-0.5687662025599258,0.4292050755912643,0.6341045191073316,-1.9360453215026339,0.07946273558414384,0.06840537752295275,-1.2713787025499892,0.8930198660934462,0.6488136461454179,-1.244094329477047
-1.4539457968816836,-0.19311607815889628,-0.18604687516453058,-0.47248262291581744,0.4597787159416158,-1.4827894242054183,-0.5211493644502219,0.9200632124563402,-0.47233024688636976,-0.4633865149686188,-1.4824749146897214,1.1570922063893465,-1.432516379701875,-1.2276763306543417,0.4724826229158179,-0.7064133632892476,-0.6654659472597242,0.8414520808051686,0.026971092858631845,0.022645422182824185,0.8930198660934462,0.6488136461454179,-1.244094329477047
-1.3087871000758247,-0.882816357297812,-0.3693725104305806,-0.8187030015122497,-1.599572297918189,0.0995558928657262,-0.36048862687352856,1.3550812798115834,1.3100480432508752,1.3274792433642073,-0.7062638568406376,1.0133205569195203,0.6351752075563037,-0.31811209530772433,0.8187030015122502,0.6359609702822365,1.8756928012260952,1.7755216766812731,0.09894871151704918,1.3166695469156378,0.8930198660934462,0.6488136461454179,0.8037975708966928
1.1589107456237755,1.5311346196883933,0.5701713703079258,-0.8619805488368038,0.9174122745771279,-0.25207639981675034,-1.4430690963513637,0.9200632124563402,1.3100480432508752,1.3274792433642073,0.42277040912166597,1.6602929795337389,-0.4394315313413161,-0.08767961396892746,0.8619805488368042,-1.5429299132368697,1.8756928012260952,1.086892286514976,-0.6336862500221484,-1.2713787025499892,-1.7191040566661766,-1.5412746108855286,-1.244094329477047
-0.14751752562895395,-1.22766649686727,-1.3776635043938557,1.3451743647154508,1.4894542228715182,-0.42789254615798866,1.2024323301685973,1.3550812798115834,1.3100480432508752,-1.358819394135032,-0.8473931400859257,-0.20873846357400408,-0.6575606604309822,-0.7820632072889627,-1.3451743647154502,0.10604130349939643,-0.03017626013826931,-0.5083648107346805,3.1503032427906303,1.3166695469156378,0.8930198660934462,-1.5412746108855286,-1.244094329477047
0.7234346552061991,0.8414343405494774,-0.20896257957278683,0.4796234182243705,1.2606374435537622,-0.7795248388404652,-0.662703334739059,1.3550812798115834,-0.47233024688636976,-0.4633865149686188,1.1284168253481057,0.582005608510041,-0.9023390496356753,0.5698326166180908,-0.47962341822436994,-1.0824808510877661,-0.6654659472597242,0.13340543859241055,0.7803958148793024,0.022645422182824185,-0.41304209528636526,-1.5412746108855286,0.8037975708966928
-1.4539457968816836,-0.5379662177283542,-1.3776635043938557,-0.8187030015122497,0.23096193662385972,-0.42789254615798866,-1.1006979590253514,1.7900993471668274,-0.47233024688636976,-0.4633865149686188,1.1284168253481057,0.6538914332449542,-0.4752517559712367,2.029150447522256,0.8187030015122502,-1.0805554212158153,-0.6654659472597242,0.48134483357762575,-0.13143807451127318,1.3166695469156378,-0.41304209528636526,0.6488136461454179,0.8037975708966928
0.4331172615944814,-1.22766649686727,0.06602587332628819,0.3930683235752624,-1.3707555186004328,0.4511881855482028,-0.9466370406624949,-0.3849909896093904,1.3100480432508752,0.43204636419779424,-1.6941688395576533,-1.646454958272268,0.952440054278458,-1.5553150605910266,-0.39306832357526184,-0.17969607985353492,1.2404031141046403,-1.5474802504957492,-0.4949364142736528,-1.2713787025499892,-1.7191040566661766,0.6488136461454179,0.8037975708966928
-1.018469706464107,-0.882816357297812,1.0743168672895633,-1.0783682854595735,0.6885954952593719,-1.30697327786418,-0.10021845612558788,0.9200632124563402,1.3100480432508752,0.43204636419779424,0.21107648425373385,1.5165213300639127,-1.2895648625580998,0.5903236484317631,1.078368285459574,-0.47633257958273645,1.2404031141046403,1.0579582785247954,-0.15940557181842835,0.022645422182824185,0.8930198660934462,-1.5412746108855286,0.8037975708966928
-0.2926762224348128,-0.882816357297812,-1.0797593470865243,1.4317294593645589,-1.1419387392826768,-0.6037086924992269,-0.5087236621608576,0.9200632124563402,-0.47233024688636976,0.43204636419779424,1.4812400334613256,1.8040646290035653,-0.37430385019600587,1.4016363080479508,-1.4317294593645582,0.12749984385462934,-0.03017626013826931,2.362619002445664,1.1835420749646004,0.022645422182824185,-0.41304209528636526,0.6488136461454179,0.8037975708966928
-0.5829936160465304,0.8414343405494774,0.684749892349207,-1.1216458327841277,-0.6843051806471646,-1.1311571315229418,0.8517222936003115,0.4850451451010968,1.3100480432508752,-1.358819394135032,-1.2002163481991457,1.5165213300639127,-1.030465237735007,-1.0394906267895243,1.1216458327841279,1.1200159524085902,-0.03017626013826931,1.7306739642964935,-0.03709537441714872,0.022645422182824185,-0.41304209528636526,0.6488136461454179,-1.244094329477047
1.1589107456237755,-0.882816357297812,0.5701713703079258,-1.1649233801086816,1.146229053894884,-0.9553409851817035,0.6559066450822923,-0.820009056964634,0.41885889818225275,0.43204636419779424,0.28164112587637785,0.43823395904021467,-1.030465237735007,-0.18643639168555476,1.164923380108682,-0.11967343631997437,0.6051134269831855,0.048884749867248396,-0.8267565941158427,-1.2713787025499892,0.8930198660934462,0.6488136461454179,0.8037975708966928
0.4331172615944814,0.15173406141056162,-0.1631311707562743,1.4750070066891119,1.031820664236006,1.3302689172543942,-0.12658761600903728,0.05002707774585293,1.3100480432508752,-0.4633865149686188,-0.9885224233312137,-0.20873846357400408,0.8114334557352783,-0.9929500763713437,-1.4750070066891112,-0.629047457458715,0.6051134269831855,-0.4369654676345336,0.7251894239870631,1.3166695469156378,-1.7191040566661766,0.6488136461454179,0.8037975708966928
0.4331172615944814,-1.22766649686727,-0.09438405753150557,1.0855090807681265,-1.1419387392826768,1.3302689172543942,-0.5826181040940682,0.4850451451010968,-0.47233024688636976,0.43204636419779424,-0.9885224233312137,-0.20873846357400408,1.846550076859075,-0.9929500763713437,-1.085509080768126,0.051827385191731086,-0.03017626013826931,0.07946273558414384,0.5819993324263687,1.3166695469156378,0.8930198660934462,0.6488136461454179,0.8037975708966928
-0.7281523128523893,1.1862844801189352,0.36393003063361945,1.3018968173908967,-1.3707555186004328,1.6819012099368706,1.1809407189432355,-0.3849909896093904,0.41885889818225275,0.43204636419779424,0.49333505074430967,-1.3589116593326152,2.433009338981846,0.7182462327542625,-1.301896817390896,2.10282553623543,0.6051134269831855,-1.2057833942307599,0.9390433158537685,1.3166695469156378,-0.41304209528636526,0.6488136461454179,-1.244094329477047
1.1589107456237755,-0.5379662177283542,1.3951367290051508,-0.6455928122140336,1.031820664236006,-0.6037086924992269,-0.33747996073814124,-1.2550271243198776,0.41885889818225275,-0.4633865149686188,1.3401107502160374,0.8695489074496938,-0.7396391282396988,0.5542394411891495,0.645592812214034,-0.7798813759335502,-0.03017626013826931,0.4172766730279401,-1.0841433390276471,-1.2713787025499892,-1.7191040566661766,-1.5412746108855286,-1.244094329477047
-1.5991044936875425,-0.19311607815889628,-1.0110122338617558,-0.6023152648894795,0.5741871056004938,-0.07626025347551207,-1.0638270810805341,0.05002707774585293,-1.3635193919549924,1.3274792433642073,-1.4119102730670774,-1.3589116593326152,-0.2305814080753379,-1.1156478911101837,0.60231526488948,-1.1646037991465368,-0.03017626013826931,-1.328852177207557,-0.6816067573988512,1.3166695469156378,-0.41304209528636526,0.6488136461454179,0.8037975708966928
0.8685933520120579,1.5311346196883933,1.0514011628813071,0.7825662494962483,-0.1122632323527744,1.3302689172543942,1.7266119225012713,-1.690045191675121,-1.3635193919549924,-0.4633865149686188,-0.9885224233312137,0.6538914332449542,1.2637187718171756,-1.0448606902993143,-0.7825662494962476,1.4480321758811068,-1.300755634381179,0.6010193221515665,-0.6849648930654969,0.022645422182824185,0.8930198660934462,0.6488136461454179,-1.244094329477047
-1.1636284032699657,1.1862844801189352,0.2493515085923382,-0.039707149670277525,-0.45548840132940854,0.8028204782306794,0.13892711021732962,1.3550812798115834,1.3100480432508752,-1.358819394135032,-0.7768284984632817,0.29446230957038827,0.9016776788029137,-0.45307969152044825,0.039707149670278004,0.30137103140092847,-0.03017626013826931,0.3762730502761416,0.9951896866544094,1.3166695469156378,-1.7191040566661766,-1.5412746108855286,-1.244094329477047
1.0137520488179168,-1.22766649686727,-1.1026750514947807,-0.6023152648894795,-1.1419387392826768,-0.6037086924992269,0.9521140676462119,1.7900993471668274,-1.3635193919549924,1.3274792433642073,-0.14174672385948603,0.582005608510041,-0.37430385019600587,-0.45307969152044825,0.60231526488948,1.6234876317040037,-0.03017626013826931,0.9764169832797412,1.3101633190753412,0.022645422182824185,0.8930198660934462,0.6488136461454179,-1.244094329477047
-0.5829936160465304,-1.22766649686727,0.1576886909593132,-1.1649233801086816,-1.3707555186004328,1.6819012099368706,-1.700722592517654,-0.820009056964634,0.41885889818225275,-1.358819394135032,-1.1296517065765015,-1.2151400098627887,2.433009338981846,-0.9696798011622534,1.164923380108682,-0.9886989775002663,-0.6654659472597242,-1.0349349660982652,-1.3069898512340807,0.022645422182824185,0.8930198660934462,0.6488136461454179,0.8037975708966928
1.5943868360413522,1.1862844801189352,-0.48395103247186183,-1.5976988533542218,-1.0275303496237986,0.4511881855482028,-1.2349608205360878,1.3550812798115834,1.3100480432508752,-1.358819394135032,1.4106753918386812,-0.9994825356580492,0.7832321360266424,0.4487492468100248,1.5976988533542222,-0.6755690551578252,-0.03017626013826931,-0.835611799943688,-0.7776594996647119,0.022645422182824185,-0.41304209528636526,-1.5412746108855286,0.8037975708966928
-0.2926762224348128,-0.882816357297812,-1.5151577308433932,-0.3426499809421558,1.4894542228715182,1.3302689172543942,-0.9319854840314589,1.7900993471668274,0.41885889818225275,0.43204636419779424,-0.9179577817085696,1.6602929795337389,0.6683222810944394,-0.8187983393226677,0.34264998094215626,-1.3293932025841233,0.6051134269831855,0.8839223797181871,0.2814803162423436,0.022645422182824185,0.8930198660934462,0.6488136461454179,0.8037975708966928
-0.2926762224348128,-1.5725166364367278,-1.4693263220268806,-0.8619805488368038,-0.45548840132940854,-0.6037086924992269,-1.7166145481540709,-1.690045191675121,1.3100480432508752,-1.358819394135032,0.8461582588575295,0.6538914332449542,-0.5196688345123384,0.8138741955086694,0.8619805488368042,-1.3707952137847546,-0.03017626013826931,0.7350547493543805,-1.4977447722689092,1.3166695469156378,-0.41304209528636526,0.6488136461454179,0.8037975708966928
0.8685933520120579,-0.19311607815889628,-0.04855264871499306,0.9123988914699104,1.7182710021892742,1.3302689172543942,0.0053205185360917055,-0.3849909896093904,0.41885889818225275,1.3274792433642073,0.5638996923669537,0.36634813430530144,0.6029889187584041,0.09717281611604135,-0.9123988914699098,-0.7740598404872184,1.2404031141046403,-0.1249813814795432,0.14165712291589624,0.022645422182824185,0.8930198660934462,0.6488136461454179,-1.244094329477047
-0.14751752562895395,-0.19311607815889628,-0.4610353280636056,-1.3813111167314518,1.146229053894884,-0.07626025347551207,0.1305370821622992,-1.690045191675121,-0.47233024688636976,1.3274792433642073,-0.7768284984632817,-1.3589116593326152,-0.33644838553029416,-0.7187971465642483,1.381311116731452,-0.4895558493438097,0.6051134269831855,-1.3526062621571224,-1.3776398702239032,-1.2713787025499892,0.8930198660934462,0.6488136461454179,0.8037975708966928
-0.2926762224348128,-0.5379662177283542,-1.6068205484764182,-0.8619805488368038,-1.2563471289415549,0.27537203920696446,-1.380670932946851,-0.3849909896093904,0.41885889818225275,-0.4633865149686188,0.3522057674990219,-0.927596710923136,0.6868229733017709,0.35672588575589514,0.8619805488368042,-0.7067798588267146,-0.03017626013826931,-0.7150908157571993,-1.0318698151932617,1.3166695469156378,-0.41304209528636526,0.6488136461454179,0.8037975708966928
-1.5991044936875425,-0.882816357297812,0.7076655967574632,-1.4678662113805596,0.9174122745771279,0.4511881855482028,1.3909190485949694,1.3550812798115834,1.3100480432508752,-0.4633865149686188,-1.0590870649538575,1.0852063816544333,0.13369206273741446,-0.6555310858395339,1.4678662113805603,0.5166805400859953,0.6051134269831855,0.623948158672087,0.33323976692808743,0.022645422182824185,-1.7191040566661766,-1.5412746108855286,-1.244094329477047
-1.5991044936875425,0.8414343405494774,1.5326309554546884,0.4796234182243705,0.8030038849182499,-0.9553409851817035,1.3869940367224936,0.4850451451010968,1.3100480432508752,1.3274792433642073,0.7050289756122418,-0.7838250614533097,-1.0031596566646577,1.6450529405137138,-0.47962341822436994,0.5761414605612836,1.8756928012260952,-0.8682877288214875,1.4846168794712853,0.022645422182824185,-1.7191040566661766,0.6488136461454179,0.8037975708966928
-0.8733110096582481,0.15173406141056162,-0.7131080765544244,-0.6455928122140336,-1.3707555186004328,-0.7795248388404652,-0.0809751118721476,0.05002707774585293,-0.47233024688636976,-0.4633865149686188,1.3401107502160374,1.8040646290035653,-0.5281292304249292,1.7064018478831335,0.645592812214034,0.7490089020294277,-0.6654659472597242,2.552882024684125,-0.3281876265509023,0.022645422182824185,0.8930198660934462,0.6488136461454179,-1.244094329477047
1.3040694424296344,-1.22766649686727,-0.6443609633296556,0.8691213441453564,-0.5698967909882866,-0.42789254615798866,-1.5212513546092172,0.4850451451010968,-0.47233024688636976,0.43204636419779424,0.3522057674990219,-1.3589116593326152,-0.31661933261015957,-0.17350395650837727,-0.8691213441453558,-1.152033790956062,-0.03017626013826931,-1.2668006899923652,-0.16708320111757166,0.022645422182824185,0.8930198660934462,0.6488136461454179,0.8037975708966928
-0.8733110096582481,-0.882816357297812,1.1430639805143321,-0.5590377175649255,0.8030038849182499,-0.25207639981675034,0.12098019654489456,0.05002707774585293,0.41885889818225275,1.3274792433642073,1.4812400334613256,-1.1432541851278757,-0.420640593830538,1.8563658436750492,0.5590377175649259,-0.35902164844512735,1.2404031141046403,-1.1623710887216832,-0.2056043588606687,0.022645422182824185,0.8930198660934462,0.6488136461454179,-1.244094329477047
-1.5991044936875425,-0.5379662177283542,0.7534970055739758,1.6481171959873282,-1.4851639082593109,1.3302689172543942,-0.9878853854529538,0.05002707774585293,-1.3635193919549924,1.3274792433642073,0.6344643339895978,1.8040646290035653,2.097688769275503,1.5530295794595839,-1.6481171959873273,-0.1492327062103263,-0.03017626013826931,2.654974378080371,0.22021698885288113,-1.2713787025499892,0.8930198660934462,0.6488136461454179,0.8037975708966928
1.4492281392354933,-0.19311607815889628,-0.34645680602232437,1.56156210133822,-0.5698967909882866,1.6819012099368706,-0.8657470565126014,1.3550812798115834,1.3100480432508752,1.3274792433642073,-0.3534406487274178,1.4446355053289994,1.858911044913185,-0.6790719456440789,-1.5615621013382193,-0.5492546554185065,1.8756928012260952,1.5888087516507612,1.275619328827277,-1.2713787025499892,0.8930198660934462,0.6488136461454179,-1.244094329477047
-0.14751752562895395,0.4965842009800195,0.959738345248282,-0.38592752826670984,0.6885954952593719,0.4511881855482028,-1.2648641720520344,0.4850451451010968,-0.47233024688636976,-1.358819394135032,-1.1296517065765015,0.7257772579798675,0.19100442214528765,-1.0351274501878198,0.3859275282667103,-1.3509564596171393,-1.300755634381179,0.4001918302146906,-0.505810342095242,1.3166695469156378,-0.41304209528636526,0.6488136461454179,-1.244094329477047
0.5782759584003403,0.4965842009800195,0.8451598232070008,-0.6888703595385877,-1.2563471289415549,-1.6586055705466567,-0.45611421501789445,0.9200632124563402,-0.47233024688636976,-0.4633865149686188,0.3522057674990219,0.15069066010056187,-1.5856787194987771,0.028426327400620854,0.688870359538588,0.262041825469258,-0.6654659472597242,0.5364732507947968,-0.0711052727893029,-1.2713787025499892,-0.41304209528636526,0.6488136461454179,-1.244094329477047
1.1589107456237755,-0.882816357297812,0.043110168918031946,-0.5157601702403715,0.5741871056004938,1.3302689172543942,-0.6273691227557356,1.3550812798115834,-0.47233024688636976,1.3274792433642073,0.6344643339895978,-1.5745691335373548,0.9739495354121637,0.060455552606013506,0.5157601702403719,-0.8312778282175914,0.6051134269831855,-1.5112835496202206,0.15624896631367965,1.3166695469156378,-1.7191040566661766,0.6488136461454179,-1.244094329477047
-0.0023588288230951236,-1.5725166364367278,-0.18604687516453058,0.0901254923033846,1.4894542228715182,-0.25207639981675034,-1.4866511562665712,0.9200632124563402,-1.3635193919549924,-0.4633865149686188,-1.3413456314444334,-0.7119392367183964,-0.52497236627844,-1.2383457058490235,-0.0901254923033841,-1.702415878823681,-1.300755634381179,-0.8832113620104526,-0.24748838899743994,0.022645422182824185,-0.41304209528636526,0.6488136461454179,-1.244094329477047
-1.018469706464107,0.15173406141056162,0.7305813011657195,1.2586192700663428,0.11655354696498167,1.1544527709131558,-1.4635542403995756,0.9200632124563402,-1.3635193919549924,-1.358819394135032,-0.4945699319727059,0.6538914332449542,0.9985876683471351,-0.1883355604877977,-1.258619270066342,-1.3377026859262953,-1.9360453215026339,0.519785729907437,0.27076621573249515,-1.2713787025499892,0.8930198660934462,0.6488136461454179,0.8037975708966928
-1.1636284032699657,1.5311346196883933,1.326389615780382,0.8691213441453564,-0.3410800116705305,-1.4827894242054183,1.497603868978164,-1.690045191675121,-0.47233024688636976,0.43204636419779424,0.8461582588575295,-1.646454958272268,-1.4114940977689667,1.4094731362151411,-0.8691213441453558,1.4314015913090243,-0.03017626013826931,-1.5625551118015577,-0.70756095427358,-1.2713787025499892,-1.7191040566661766,0.6488136461454179,-1.244094329477047
0.7234346552061991,0.4965842009800195,0.8222441187987445,1.0855090807681265,-0.45548840132940854,-0.07626025347551207,1.0105465962859213,-0.3849909896093904,0.41885889818225275,-0.4633865149686188,-0.7062638568406376,-1.287025834597702,0.013336107980881027,-0.8153611339861807,-1.085509080768126,1.0868520130185682,-0.03017626013826931,-1.20236642566811,0.7291791287469874,0.022645422182824185,0.8930198660934462,0.6488136461454179,0.8037975708966928
0.8685933520120579,0.8414343405494774,-1.7213990705176996,-0.16953979164393965,-0.9131219599649206,-0.9553409851817035,1.1414951900984855,0.05002707774585293,1.3100480432508752,-1.358819394135032,-1.1296517065765015,-1.4307974840675284,-0.8132077883491838,-1.1486819181552559,0.16953979164394012,1.5954813389265134,-0.03017626013826931,-1.3209203784070063,0.4540363107165872,-1.2713787025499892,0.8930198660934462,0.6488136461454179,-1.244094329477047
-0.43783491924067164,-0.882816357297812,0.2493515085923382,-0.6888703595385877,-1.599572297918189,-0.6037086924992269,0.7766764027880233,0.05002707774585293,-0.47233024688636976,0.43204636419779424,1.6929339583292573,0.15069066010056187,-0.25316636326572867,1.7064018478831335,0.688870359538588,1.9169406839596066,-0.03017626013826931,0.6991765794465565,-0.03268895913325155,-1.2713787025499892,-1.7191040566661766,-1.5412746108855286,0.8037975708966928
-1.3087871000758247,1.5311346196883933,1.4638838422299196,-1.5544213060296677,-1.1419387392826768,-1.1311571315229418,-0.904909625900449,-1.2550271243198776,1.3100480432508752,1.3274792433642073,1.2695461085933937,0.006919010630735487,-0.9799912848473915,2.043820838414944,1.5544213060296683,-0.27821897855697353,1.8756928012260952,0.32408662131930654,-1.3722407006326807,1.3166695469156378,-1.7191040566661766,0.6488136461454179,0.8037975708966928
-1.018469706464107,0.8414343405494774,-1.583904844068162,-1.4678662113805596,-1.4851639082593109,1.5060850635956324,-0.43795087938461086,-1.690045191675121,-0.47233024688636976,-0.4633865149686188,-1.4824749146897214,0.07880483536564868,2.3143574450857556,-1.2784584529751826,1.4678662113805603,0.4551414173722632,-0.6654659472597242,0.5547888225004359,-1.44333844016645,0.022645422182824185,-1.7191040566661766,-1.5412746108855286,-1.244094329477047
1.1589107456237755,1.5311346196883933,0.6618341879409507,1.2153417227417886,0.8030038849182499,-0.42789254615798866,1.6288613368513571,1.3550812798115834,-0.47233024688636976,-1.358819394135032,0.3522057674990219,0.6538914332449542,-0.5662703595390679,-0.13705800282724112,-1.215341722741788,0.7548009421383296,-1.300755634381179,0.30804571077929616,3.4191522728763353,0.022645422182824185,-1.7191040566661766,0.6488136461454179,0.8037975708966928
-1.3087871000758247,0.15173406141056162,1.2805582069638695,1.1287866280926806,0.11655354696498167,-0.6037086924992269,-0.8773897175326174,-0.820009056964634,0.41885889818225275,1.3274792433642073,-0.9885224233312137,0.582005608510041,-0.6165788240565601,-0.6555310858395341,-1.12878662809268,-0.857487833865849,1.2404031141046403,0.45455269371139345,-0.523200065780231,0.022645422182824185,-0.41304209528636526,0.6488136461454179,0.8037975708966928
-1.5991044936875425,0.15173406141056162,0.1118572821428007,-0.6455928122140336,-0.6843051806471646,1.5060850635956324,0.4026089035260895,1.3550812798115834,1.3100480432508752,-0.4633865149686188,-1.3413456314444334,0.006919010630735487,1.7456021710838443,-1.0236245300560538,0.645592812214034,0.6984228335414794,0.6051134269831855,0.16100403082919806,0.6524111921023251,1.3166695469156378,-0.41304209528636526,0.6488136461454179,0.8037975708966928
1.3040694424296344,0.4965842009800195,1.326389615780382,0.0901254923033846,0.5741871056004938,-0.07626025347551207,0.38146258688551193,-0.820009056964634,0.41885889818225275,-1.358819394135032,1.1989814669707495,-0.8557108861882229,-0.2305814080753379,0.40492859868901065,-0.0901254923033841,-0.06082605226478626,-0.6654659472597242,-0.9031789749113411,-0.40255596184827946,0.022645422182824185,0.8930198660934462,0.6488136461454179,0.8037975708966928
0.2879585647886226,-1.22766649686727,0.4555928482666445,-1.0350907381350194,0.3453703262827378,0.4511881855482028,-0.31671255762772244,0.05002707774585293,-1.3635193919549924,0.43204636419779424,1.4812400334613256,-1.646454958272268,0.2845140611791856,1.0508449519927607,1.0350907381350198,-0.4995267514914576,-0.6654659472597242,-1.5699603068289723,-0.603444894555885,0.022645422182824185,0.8930198660934462,0.6488136461454179,0.8037975708966928
0.4331172615944814,1.5311346196883933,-0.32354110161406807,-1.5544213060296677,0.8030038849182499,-0.7795248388404652,1.5471658988018655,0.9200632124563402,-1.3635193919549924,0.43204636419779424,1.6223693167066136,-1.5026833088024416,-0.8575298909561277,1.087800365241483,1.5544213060296683,0.6944551880766793,-0.6654659472597242,-1.4564544486218791,0.07309021121263158,1.3166695469156378,0.8930198660934462,0.6488136461454179,-1.244094329477047
-0.2926762224348128,-0.882816357297812,-0.8047708941874494,0.9989539861190184,-1.3707555186004328,1.3302689172543942,-1.3492827446768627,1.3550812798115834,-0.47233024688636976,-0.4633865149686188,-0.2828760071047738,-0.1368526388390909,2.0099895433523063,-0.2310362267833863,-0.9989539861190179,-0.6116650261770132,-0.6654659472597242,0.24642824489544554,0.49943689441014333,-1.2713787025499892,-1.7191040566661766,-1.5412746108855286,0.8037975708966928
1.4492281392354933,-0.5379662177283542,-0.30062539720581183,0.9556764387944644,0.3453703262827378,0.8028204782306794,-1.0531614706604653,1.7900993471668274,0.41885889818225275,-1.358819394135032,0.5638996923669537,0.15069066010056187,0.596212857958846,-0.06700959072591248,-0.9556764387944638,-1.0816923219943955,-0.6654659472597242,0.0036436364966370353,1.0172433991364696,-1.2713787025499892,0.8930198660934462,0.6488136461454179,-1.244094329477047
1.5943868360413522,-0.882816357297812,1.3493053201886382,-1.5976988533542218,1.031820664236006,-1.4827894242054183,0.0018255490065314899,1.3550812798115834,-1.3635193919549924,-0.4633865149686188,0.42277040912166597,-1.4307974840675284,-1.4446721209555975,-0.1954142805688842,1.5976988533542222,-0.5372041006600894,-1.300755634381179,-1.405106560385337,-0.31963983311787825,0.022645422182824185,0.8930198660934462,0.6488136461454179,0.8037975708966928
0.14279986798276373,0.4965842009800195,0.6160027791244382,-0.6888703595385877,0.11655354696498167,-0.9553409851817035,1.00236248427131,1.3550812798115834,-0.47233024688636976,0.43204636419779424,0.5638996923669537,0.43823395904021467,-0.9396121225372991,0.35672588575589487,0.688870359538588,0.6824977679315724,-0.03017626013826931,0.32408662131930654,0.9481340522480184,-1.2713787025499892,0.8930198660934462,0.6488136461454179,-1.244094329477047
1.1589107456237755,-1.22766649686727,-1.4005792088021118,-1.0350907381350194,1.2606374435537622,-0.7795248388404652,0.21317525147166808,-0.820009056964634,-0.47233024688636976,0.43204636419779424,-1.0590870649538575,1.2289780311242597,-0.9023390496356753,-1.1246257799935133,1.0350907381350198,-0.4753122566839001,-0.03017626013826931,0.6301800988545874,-0.8692864632249714,1.3166695469156378,-0.41304209528636526,0.6488136461454179,0.8037975708966928
0.2879585647886226,-0.5379662177283542,1.211811093739101,-0.29937243361760174,0.4597787159416158,0.27537203920696446,1.4529544075473158,0.4850451451010968,1.3100480432508752,-1.358819394135032,1.3401107502160374,0.7257772579798675,0.0991070182671462,0.9351584409532828,0.2993724336176022,0.8272171207851218,-0.03017626013826931,0.4702985990000935,0.8715430782978806,-1.2713787025499892,-1.7191040566661766,0.6488136461454179,-1.244094329477047
1.4492281392354933,0.15173406141056162,-0.43811962365534934,1.691394743311882,0.6885954952593719,1.1544527709131558,1.094853105759501,0.4850451451010968,-0.47233024688636976,-0.4633865149686188,1.2695461085933937,-0.0649668141041777,0.7832321360266424,0.403807605364985,-1.6913947433118814,0.4211404562780014,-0.6654659472597242,-0.25757461809541393,2.252538610166328,-1.2713787025499892,-0.41304209528636526,0.6488136461454179,0.8037975708966928
0.8685933520120579,1.1862844801189352,-1.4005792088021118,1.6481171959873282,-0.22667162201165245,-0.9553409851817035,-1.6060495411588995,1.3550812798115834,-0.47233024688636976,0.43204636419779424,-1.0590870649538575,1.5165213300639127,-0.9023390496356753,-1.096771304227285,-1.6481171959873273,-1.348700525606892,-0.03017626013826931,1.4719371620766097,0.5644056385372039,-1.2713787025499892,-0.41304209528636526,-1.5412746108855286,-1.244094329477047
-0.0023588288230951236,0.8414343405494774,0.6618341879409507,-0.16953979164393965,1.2606374435537622,0.0995558928657262,-1.364441387067298,-0.820009056964634,-1.3635193919549924,1.3274792433642073,-0.5651345735953498,1.6602929795337389,-0.21899937977257347,-0.563507724785404,0.16953979164394012,-1.5689333270127048,-0.03017626013826931,0.9613632056960387,-1.0150365214128199,0.022645422182824185,-1.7191040566661766,-1.5412746108855286,0.8037975708966928
0.5782759584003403,-0.5379662177283542,0.8451598232070008,0.4796234182243705,1.2606374435537622,-0.9553409851817035,-0.5327380950786995,1.7900993471668274,1.3100480432508752,-1.358819394135032,0.9167229004801736,0.29446230957038827,-1.0390069836082958,0.46615907187431965,-0.47962341822436994,-0.9923875286475747,-0.03017626013826931,-0.08738329930189034,1.1754352054246155,0.022645422182824185,-0.41304209528636526,0.6488136461454179,0.8037975708966928
-1.018469706464107,1.1862844801189352,0.959738345248282,-0.039707149670277525,1.7182710021892742,0.0995558928657262,-0.14600535854160793,0.4850451451010968,-0.47233024688636976,0.43204636419779424,1.1989814669707495,0.43823395904021467,-0.2982271675827882,1.6804465409191482,0.039707149670278004,-0.8728793870291307,-0.03017626013826931,-0.07298403378704477,0.23415324260597972,-1.2713787025499892,-0.41304209528636526,0.6488136461454179,0.8037975708966928
1.3040694424296344,0.4965842009800195,-1.1943378691278057,-0.8187030015122497,1.2606374435537622,-0.6037086924992269,-0.5081017116714288,-0.820009056964634,-0.47233024688636976,-0.4633865149686188,-0.2828760071047738,0.006919010630735487,-0.765671115663055,-0.6073283729064183,0.8187030015122502,-0.9753093188133771,-0.6654659472597242,-0.30817203719619124,-0.9593976206137542,-1.2713787025499892,0.8930198660934462,-1.5412746108855286,0.8037975708966928
1.1589107456237755,1.1862844801189352,0.5472556658996695,0.4796234182243705,0.6885954952593719,0.0995558928657262,-0.3001790404504081,-1.2550271243198776,-1.3635193919549924,0.43204636419779424,-0.2828760071047738,-1.5026833088024416,-0.10510943479538998,-0.5814635025520635,-0.47962341822436994,-0.6264986770701599,-0.6654659472597242,-1.4535136150228773,-0.8063722914295962,-1.2713787025499892,0.8930198660934462,0.6488136461454179,0.8037975708966928
-1.5991044936875425,0.15173406141056162,-1.1943378691278057,0.21995813427704622,-1.1419387392826768,-1.30697327786418,-0.733294014894527,0.05002707774585293,1.3100480432508752,-0.4633865149686188,-0.0006174406141979493,1.1570922063893465,-1.1818870963978536,0.7248193299724146,-0.21995813427704572,-0.10247402548605665,0.6051134269831855,1.6287473452401755,-0.20796943692673353,1.3166695469156378,0.8930198660934462,0.6488136461454179,-1.244094329477047
1.5943868360413522,-0.5379662177283542,0.6389184835326945,-1.5544213060296677,1.2606374435537622,0.27537203920696446,-0.48929891568133393,-1.2550271243198776,-0.47233024688636976,1.3274792433642073,1.2695461085933937,1.5884071547988257,-0.08233144579995309,0.35672588575589514,1.5544213060296683,-0.9622750154385691,0.6051134269831855,0.9061660212224637,-1.319714731136938,1.3166695469156378,0.8930198660934462,-1.5412746108855286,-1.244094329477047
-1.4539457968816836,1.5311346196883933,1.4638838422299196,1.0422315334435726,-0.22667162201165245,-0.6037086924992269,-0.01496991578682602,0.05002707774585293,1.3100480432508752,-1.358819394135032,1.5518046750839691,-0.35251011304383045,-0.5606692147041243,2.5572845196590013,-1.042231533443572,0.029991674046578338,-0.03017626013826931,-0.3219713333145852,0.5742926658857842,0.022645422182824185,0.8930198660934462,0.6488136461454179,-1.244094329477047
-1.5991044936875425,0.4965842009800195,1.6013780686794572,1.3018968173908967,-1.1419387392826768,-0.42789254615798866,0.18526452286385756,0.9200632124563402,-1.3635193919549924,-1.358819394135032,-0.4945699319727059,-0.7838250614533097,-0.17240803864554388,0.08065580259350533,-1.301896817390896,0.8381864783282881,-1.9360453215026339,-0.5728676263762906,1.6980156695145059,-1.2713787025499892,0.8930198660934462,-1.5412746108855286,0.8037975708966928
-0.2926762224348128,0.4965842009800195,0.9139069364317696,1.2586192700663428,1.7182710021892742,-0.42789254615798866,1.5808233658846342,-0.3849909896093904,-1.3635193919549924,0.43204636419779424,0.06994720100844609,-0.2806242883089173,-0.6844626331575848,0.0954982801828811,-1.258619270066342,0.25478254891147994,-0.6654659472597242,-0.5929575107120286,1.125987233613041,-1.2713787025499892,-1.7191040566661766,-1.5412746108855286,0.8037975708966928
0.5782759584003403,-1.22766649686727,-1.3089163911690869,1.7779498379609902,1.7182710021892742,0.8028204782306794,1.7085592492298454,1.7900993471668274,-1.3635193919549924,1.3274792433642073,0.5638996923669537,1.300863855859173,0.21675345318360745,0.19257610657825772,-1.7779498379609895,0.3381972451489451,-0.03017626013826931,0.5509841385229362,4.783433119899161,1.3166695469156378,-1.7191040566661766,0.6488136461454179,0.8037975708966928
1.1589107456237755,-1.22766649686727,0.18060439536756945,-0.29937243361760174,1.2606374435537622,-0.6037086924992269,0.4912809731354907,-1.2550271243198776,-0.47233024688636976,0.43204636419779424,0.9167229004801736,-0.0649668141041777,-0.765671115663055,0.25796910803926787,0.2993724336176022,-0.2825263354652822,-0.03017626013826931,-0.3633692216697665,-0.8263310558368028,0.022645422182824185,0.8930198660934462,0.6488136461454179,0.8037975708966928
0.7234346552061991,-0.19311607815889628,-1.148506460311293,0.9123988914699104,-1.1419387392826768,-1.4827894242054183,-1.4958116184864345,-1.690045191675121,0.41885889818225275,1.3274792433642073,-1.6941688395576533,1.3727496805940862,-1.3837829079483153,-1.561234692003865,-0.9123988914699098,-0.8833390043391953,1.2404031141046403,1.8733712309753385,-1.2836318624720537,-1.2713787025499892,-0.41304209528636526,0.6488136461454179,0.8037975708966928
-0.7281523128523893,1.5311346196883933,-0.8964337118204744,1.518284554013666,0.6885954952593719,0.0995558928657262,-0.4395568844209399,-0.3849909896093904,-1.3635193919549924,-1.358819394135032,-1.0590870649538575,-0.8557108861882229,-0.10510943479538998,-0.8724432940385544,-1.5182845540136654,-0.7311684397433218,-1.9360453215026339,-0.9153410664055187,0.15715804324678673,1.3166695469156378,0.8930198660934462,0.6488136461454179,0.8037975708966928
1.1589107456237755,1.1862844801189352,-0.8047708941874494,0.3930683235752624,-1.599572297918189,-0.7795248388404652,0.06427904359197335,1.7900993471668274,1.3100480432508752,0.43204636419779424,0.6344643339895978,-1.3589116593326152,-0.4752517559712367,0.060455552606013506,-0.39306832357526184,1.1144480453325876,1.2404031141046403,-1.184427340714198,1.6252830976746657,-1.2713787025499892,0.8930198660934462,0.6488136461454179,0.8037975708966928
-1.5991044936875425,-0.882816357297812,-1.767230479334212,-1.0783682854595735,1.37504583321264,1.1544527709131558,0.32400360687227325,-0.3849909896093904,0.41885889818225275,0.43204636419779424,-0.7768284984632817,-0.35251011304383045,0.5678766037061499,-0.28743764162301444,1.078368285459574,-0.44225463044665836,0.6051134269831855,-0.600048058124642,-0.6412624002797839,0.022645422182824185,-1.7191040566661766,0.6488136461454179,0.8037975708966928
1.0137520488179168,1.5311346196883933,-0.48395103247186183,1.2586192700663428,1.2606374435537622,0.0995558928657262,1.2805242375107566,0.05002707774585293,0.41885889818225275,-1.358819394135032,-1.6236041979350095,-1.3589116593326152,-0.21899937977257347,-1.5159495116956487,-1.258619270066342,0.26458570839299506,-0.6654659472597242,-1.3569185421941206,1.5092590503057892,-1.2713787025499892,0.8930198660934462,0.6488136461454179,0.8037975708966928
-1.4539457968816836,-0.19311607815889628,1.4867995466381758,-1.6842539480033296,-0.22667162201165245,0.0995558928657262,1.5628841565538476,0.4850451451010968,1.3100480432508752,1.3274792433642073,-1.6236041979350095,0.006919010630735487,0.12267045515897747,-1.4037210213665903,1.6842539480033298,1.3972237515856507,1.8756928012260952,0.023011069645260104,-0.26058679307210525,-1.2713787025499892,-0.41304209528636526,-1.5412746108855286,0.8037975708966928
1.5943868360413522,-1.5725166364367278,-1.492242026435137,0.8691213441453564,0.002145157306103638,-0.42789254615798866,1.685703269138034,-1.2550271243198776,-0.47233024688636976,-0.4633865149686188,-1.6941688395576533,-1.2151400098627887,-0.4341248313961427,-1.5757646963808332,-0.8691213441453558,1.3262059744839443,-0.6654659472597242,-1.1678170768679832,-0.13480956400157568,0.022645422182824185,0.8930198660934462,-1.5412746108855286,0.8037975708966928
-0.2926762224348128,-1.22766649686727,0.08894157773454445,0.8691213441453564,1.031820664236006,1.3302689172543942,1.2284484911256142,-0.3849909896093904,0.41885889818225275,1.3274792433642073,-1.1296517065765015,-1.3589116593326152,0.8114334557352783,-1.0147190435024283,-0.8691213441453558,0.3400982266890147,1.2404031141046403,-1.348157084341172,0.7159684842096944,1.3166695469156378,0.8930198660934462,0.6488136461454179,-1.244094329477047
0.8685933520120579,1.5311346196883933,-1.4234949132103683,1.56156210133822,1.146229053894884,-0.7795248388404652,-1.0021265107925426,-0.3849909896093904,0.41885889818225275,0.43204636419779424,0.06994720100844609,-0.20873846357400408,-0.8916618672940644,-0.2662014813797535,-1.5615621013382193,-1.2869989683891072,0.6051134269831855,-0.45565201446152515,-0.14308288870298555,1.3166695469156378,-0.41304209528636526,0.6488136461454179,0.8037975708966928
0.7234346552061991,0.4965842009800195,0.7305813011657195,-1.4678662113805596,-0.45548840132940854,0.4511881855482028,1.3287366067566098,-1.690045191675121,1.3100480432508752,1.3274792433642073,0.7050289756122418,-1.646454958272268,0.5463410504741004,0.2501725203247973,1.4678662113805603,1.3735966369745496,1.8756928012260952,-1.5611481247463488,-1.2875626803074323,0.022645422182824185,0.8930198660934462,0.6488136461454179,-1.244094329477047
0.14279986798276373,1.5311346196883933,0.13477298655105696,0.0901254923033846,-0.3410800116705305,-0.42789254615798866,-1.054239378096536,-0.3849909896093904,-0.47233024688636976,1.3274792433642073,0.14051184263108982,-0.20873846357400408,-0.3663863673901052,-0.0005412806895505221,-0.0901254923033841,-0.823162392221811,0.6051134269831855,-0.15556805659277753,-0.6369566413029729,1.3166695469156378,-0.41304209528636526,-1.5412746108855286,0.8037975708966928
-1.5991044936875425,1.5311346196883933,-1.675567661701187,0.7392887021716942,-1.2563471289415549,0.9786366245719176,-0.5739864398691584,0.05002707774585293,0.41885889818225275,-0.4633865149686188,-1.1296517065765015,-1.2151400098627887,1.5131872252292429,-0.7475544468936639,-0.7392887021716936,0.1385262366496547,-0.03017626013826931,-1.0488412335043984,0.1013056624217456,-1.2713787025499892,0.8930198660934462,-1.5412746108855286,0.8037975708966928
-0.43783491924067164,0.15173406141056162,0.38684573504187575,-0.6023152648894795,0.6885954952593719,-0.42789254615798866,0.9075752685772212,0.9200632124563402,-1.3635193919549924,-0.4633865149686188,1.4106753918386812,-1.1432541851278757,-0.5492802202064061,1.4364666554576857,0.60231526488948,0.2804988290767886,-1.300755634381179,-1.1545288657910115,0.6767204567310825,1.3166695469156378,0.8930198660934462,0.6488136461454179,0.8037975708966928
-0.2926762224348128,-0.882816357297812,-0.9193494162287307,0.13340303962793815,-0.45548840132940854,0.0995558928657262,-1.153577058126006,1.7900993471668274,1.3100480432508752,0.43204636419779424,-0.9179577817085696,-1.3589116593326152,0.19100442214528765,-0.8187983393226677,-0.13340303962793765,-0.8634003615315621,1.2404031141046403,-1.274122765483758,0.4172067724815647,1.3166695469156378,-0.41304209528636526,0.6488136461454179,-1.244094329477047
-0.0023588288230951236,-0.5379662177283542,-1.5151577308433932,-1.4678662113805596,-0.1122632323527744,-1.4827894242054183,-0.3389472876248003,-1.690045191675121,1.3100480432508752,-1.358819394135032,1.5518046750839691,0.36634813430530144,-1.4180671023625446,1.276959496297194,1.4678662113805603,-0.3080325803609324,-0.03017626013826931,0.3302406813378013,-1.4346089054546591,-1.2713787025499892,-0.41304209528636526,0.6488136461454179,-1.244094329477047
0.14279986798276373,-0.882816357297812,-1.4464106176186244,-1.6409764006787757,0.23096193662385972,-0.25207639981675034,-1.0720006871747159,0.9200632124563402,-0.47233024688636976,-0.4633865149686188,-1.6941688395576533,1.6602929795337389,-0.31661933261015957,-1.548699001953148,1.6409764006787764,-1.0574650278003017,-0.6654659472597242,1.3782990812732232,-0.8530629501424234,-1.2713787025499892,0.8930198660934462,0.6488136461454179,0.8037975708966928
0.5782759584003403,-1.5725166364367278,-1.033927938270012,-0.6455928122140336,-1.0275303496237986,0.8028204782306794,0.8195202466943816,-0.3849909896093904,0.41885889818225275,1.3274792433642073,1.4812400334613256,0.07880483536564868,1.1780506119475458,0.903891816348019,0.645592812214034,1.381592395065054,1.2404031141046403,0.36032719698377536,-0.28177779680767673,0.022645422182824185,-0.41304209528636526,0.6488136461454179,0.8037975708966928
-0.8733110096582481,1.5311346196883933,0.7534970055739758,0.3065132289261543,0.8030038849182499,1.5060850635956324,-0.8101112038912356,-0.3849909896093904,0.41885889818225275,-0.4633865149686188,-0.21231136548213006,-1.2151400098627887,1.035657063254761,0.05679789417206418,-0.3065132289261538,-1.0467884809774142,-0.03017626013826931,-1.2211877607017225,-0.46580014964307853,1.3166695469156378,-1.7191040566661766,0.6488136461454179,-1.244094329477047
-1.1636284032699657,-1.5725166364367278,-0.11729976193976183,-1.2947560220823437,0.3453703262827378,1.5060850635956324,-1.0173418851532974,-1.2550271243198776,-1.3635193919549924,-1.358819394135032,-0.14174672385948603,1.0852063816544333,1.219610451518167,0.27574532802826074,1.294756022082344,-1.0533768080966481,-1.9360453215026339,0.8219176870259541,-1.3366153690577192,1.3166695469156378,-1.7191040566661766,0.6488136461454179,0.8037975708966928
-0.8733110096582481,-0.19311607815889628,1.326389615780382,1.3884519120400047,-0.7987135703060426,-1.4827894242054183,0.8098001691129715,-1.2550271243198776,1.3100480432508752,-1.358819394135032,-0.07118208223684198,-0.4243959377787437,-1.3966698746430255,0.20676188996397954,-1.388451912040004,1.1735978823683855,-0.03017626013826931,-0.25884689362406027,-0.22556239454064012,0.022645422182824185,-1.7191040566661766,0.6488136461454179,0.8037975708966928
-0.8733110096582481,0.4965842009800195,1.2805582069638695,-0.1262622443193856,0.8030038849182499,-1.6586055705466567,-0.5786517689345693,-0.3849909896093904,1.3100480432508752,0.43204636419779424,1.6929339583292573,0.8695489074496938,-1.5856787194987771,2.081311837362922,0.12626224431938607,-0.8758169497557821,1.2404031141046403,0.4844957267194135,-0.5282114859225151,-1.2713787025499892,0.8930198660934462,0.6488136461454179,0.8037975708966928
-1.018469706464107,1.1862844801189352,0.38684573504187575,-0.47248262291581744,-0.6843051806471646,1.1544527709131558,-0.8354942080436989,0.4850451451010968,1.3100480432508752,-1.358819394135032,1.5518046750839691,1.3727496805940862,1.3754598499079973,2.0697761453789285,0.4724826229158179,-0.46381317148949686,-0.03017626013826931,1.5811815896805608,-0.3409424775914023,-1.2713787025499892,-0.41304209528636526,0.6488136461454179,0.8037975708966928
1.3040694424296344,-1.5725166364367278,1.2576425025556133,0.9123988914699104,-0.3410800116705305,-0.6037086924992269,-1.1453740354546214,-1.2550271243198776,1.3100480432508752,-1.358819394135032,0.3522057674990219,-0.4243959377787437,-0.5405709891199156,-0.17350395650837727,-0.9123988914699098,-0.9036802360848704,-0.03017626013826931,-0.3666161148740944,-0.9506497647935086,0.022645422182824185,-0.41304209528636526,-1.5412746108855286,-1.244094329477047
-1.018469706464107,1.5311346196883933,-0.48395103247186183,1.1720641754172345,-1.1419387392826768,-0.6037086924992269,-0.035080348673050966,-0.820009056964634,-1.3635193919549924,0.43204636419779424,-0.3534406487274178,-1.4307974840675284,-0.37430385019600587,-0.032603718703885266,-1.172064175417234,0.6125397619212658,-0.6654659472597242,-1.3067392835817793,-0.16168431697882535,0.022645422182824185,0.8930198660934462,0.6488136461454179,-1.244094329477047
-0.0023588288230951236,1.1862844801189352,-1.3089163911690869,1.0422315334435726,0.11655354696498167,-1.6586055705466567,0.32188141094550626,0.9200632124563402,1.3100480432508752,0.43204636419779424,0.5638996923669537,1.4446355053289994,-1.5856787194987771,0.4180747931253149,-1.042231533443572,0.1250141516273952,1.2404031141046403,1.237349128063915,1.6188572001281518,0.022645422182824185,0.8930198660934462,-1.5412746108855286,0.8037975708966928
-0.14751752562895395,-1.22766649686727,-1.6526519572929308,1.3018968173908967,1.37504583321264,-0.25207639981675034,-0.2699738188207861,-1.2550271243198776,-0.47233024688636976,-1.358819394135032,-1.4119102730670774,0.7257772579798675,-0.5089010578963137,-1.288191693086677,-1.301896817390896,-0.8477676028844571,-1.300755634381179,0.2153648943259009,-0.598836470867403,0.022645422182824185,0.8930198660934462,-1.5412746108855286,-1.244094329477047
1.3040694424296344,-1.22766649686727,-1.675567661701187,0.9123988914699104,-1.4851639082593109,-1.1311571315229418,0.509952795317564,-0.3849909896093904,0.41885889818225275,-1.358819394135032,0.49333505074430967,-0.0649668141041777,-0.9356726920680218,-0.077098530642146,-0.9123988914699098,1.496880836007048,-0.6654659472597242,0.3797733595354415,0.3888538210104061,1.3166695469156378,-0.41304209528636526,0.6488136461454179,0.8037975708966928
-1.1636284032699657,0.15173406141056162,0.06602587332628819,0.3065132289261543,-1.3707555186004328,1.6819012099368706,-0.7159564446070052,-0.3849909896093904,-1.3635193919549924,0.43204636419779424,1.3401107502160374,-1.5745691335373548,2.433009338981846,1.9763370403085814,-0.3065132289261538,0.06778415654756198,-0.6654659472597242,-1.4620560364295019,-0.42613506649002303,-1.2713787025499892,0.8930198660934462,0.6488136461454179,0.8037975708966928
-0.5829936160465304,0.4965842009800195,0.7076655967574632,0.3065132289261543,0.6885954952593719,1.5060850635956324,1.4708109703040566,1.7900993471668274,0.41885889818225275,1.3274792433642073,0.14051184263108982,0.8695489074496938,1.07934599296732,0.28691506012862406,-0.3065132289261538,0.7034767253431721,1.2404031141046403,0.519785729907437,2.7337921581492806,1.3166695469156378,0.8930198660934462,0.6488136461454179,0.8037975708966928
-1.1636284032699657,0.15173406141056162,-0.07146835312324931,0.13340303962793815,0.5741871056004938,-0.25207639981675034,-0.9666354103974715,-1.2550271243198776,0.41885889818225275,1.3274792433642073,-1.6941688395576533,0.582005608510041,-0.3811477760112757,-1.5058269419796946,-0.13340303962793765,-1.0903778459276252,1.2404031141046403,0.31303017450641796,-1.0503031853822336,-1.2713787025499892,0.8930198660934462,0.6488136461454179,-1.244094329477047
-0.0023588288230951236,0.8414343405494774,-0.9880965294534995,-0.1262622443193856,1.7182710021892742,0.27537203920696446,-1.1876470576843081,-0.820009056964634,-0.47233024688636976,-0.4633865149686188,-0.42400529035006185,0.36634813430530144,-0.16948201239118946,-0.44080991004656417,0.12626224431938607,-1.5530972212570184,-0.6654659472597242,-0.1249813814795432,-0.9526673538749179,-1.2713787025499892,0.8930198660934462,-1.5412746108855286,-1.244094329477047
0.14279986798276373,-0.882816357297812,0.409761439450132,-0.2128173389684937,1.146229053894884,-1.6586055705466567,-0.4972778120502217,0.9200632124563402,-1.3635193919549924,1.3274792433642073,-1.6236041979350095,-1.5026833088024416,-1.5856787194987771,-1.4891544742122402,0.21281733896849414,-0.9315641124661916,-0.03017626013826931,-1.4647255431190722,0.1970431512472573,-1.2713787025499892,-0.41304209528636526,0.6488136461454179,-1.244094329477047
0.7234346552061991,1.1862844801189352,0.7076655967574632,0.7825662494962483,0.002145157306103638,0.0995558928657262,0.7876452841111581,-1.2550271243198776,0.41885889818225275,0.43204636419779424,0.06994720100844609,-0.9994825356580492,0.05939826350498638,-0.22931762411514284,-0.7825662494962476,0.5768479426150299,0.6051134269831855,-0.9684939107134061,-0.42334281977212124,1.3166695469156378,0.8930198660934462,0.6488136461454179,0.8037975708966928
1.1589107456237755,-0.19311607815889628,1.4867995466381758,-1.4678662113805596,-0.45548840132940854,1.5060850635956324,0.6940109180855376,0.05002707774585293,-1.3635193919549924,-0.4633865149686188,1.1989814669707495,-0.49628176251365685,1.6123509354605392,0.4554826634725222,1.4678662113805603,0.8015982306010917,-1.300755634381179,-0.4130466876959842,-0.5433874158644064,0.022645422182824185,0.8930198660934462,0.6488136461454179,-1.244094329477047
-1.5991044936875425,1.5311346196883933,0.13477298655105696,-0.2128173389684937,0.6885954952593719,1.1544527709131558,-0.8760295510343397,0.05002707774585293,1.3100480432508752,-1.358819394135032,-0.4945699319727059,0.582005608510041,0.7832321360266424,0.08065580259350533,0.21281733896849414,-1.058950023431802,-0.03017626013826931,0.28059793052194437,-0.45287128375381863,1.3166695469156378,0.8930198660934462,0.6488136461454179,0.8037975708966928
-0.7281523128523893,0.4965842009800195,1.3951367290051508,0.5229009655489245,-1.3707555186004328,-0.42789254615798866,-0.11273731090942742,-0.3849909896093904,1.3100480432508752,1.3274792433642073,-1.5530395563123653,1.0133205569195203,-0.10510943479538998,-1.3785717798362689,-0.522900965548924,0.7149335759691732,1.8756928012260952,1.6132156699554034,-0.08064241019598077,-1.2713787025499892,-1.7191040566661766,-1.5412746108855286,0.8037975708966928
0.8685933520120579,-1.22766649686727,-0.04855264871499306,-0.16953979164393965,0.8030038849182499,-0.7795248388404652,1.1885308962562302,0.05002707774585293,-0.47233024688636976,0.43204636419779424,-0.14174672385948603,0.6538914332449542,-0.8575298909561277,-0.42193332316366583,0.16953979164394012,0.42954321528809536,-0.03017626013826931,0.30804571077929616,0.47477292351512973,1.3166695469156378,-1.7191040566661766,0.6488136461454179,-1.244094329477047
1.3040694424296344,0.4965842009800195,1.1888953893308445,-1.2514784747577896,-0.22667162201165245,-0.42789254615798866,-0.968728890141731,1.3550812798115834,1.3100480432508752,-0.4633865149686188,0.7050289756122418,-0.1368526388390909,-0.38983429723834906,0.06750960815720104,1.25147847475779,-0.7964534876687591,0.6051134269831855,-0.11498189153867806,-0.4762973282288243,0.022645422182824185,0.8930198660934462,-1.5412746108855286,-1.244094329477047
1.0137520488179168,1.1862844801189352,0.8451598232070008,-0.039707149670277525,-0.5698967909882866,0.4511881855482028,1.6013064087487603,0.9200632124563402,-1.3635193919549924,-0.4633865149686188,0.9167229004801736,0.6538914332449542,0.5898516580245674,0.30611303717612365,0.039707149670278004,1.7193625900110425,-1.300755634381179,0.7833804475975716,1.5848895082376437,1.3166695469156378,0.8930198660934462,0.6488136461454179,0.8037975708966928
-0.8733110096582481,0.8414343405494774,0.7305813011657195,-1.3380335694068977,-1.599572297918189,0.0995558928657262,-0.5905262605987304,1.3550812798115834,-1.3635193919549924,-1.358819394135032,-0.3534406487274178,0.7257772579798675,0.6351752075563037,-0.09316610161985117,1.338033569406898,0.37683099838006606,-1.9360453215026339,1.4167399776030343,-0.36692090361742513,0.022645422182824185,-1.7191040566661766,0.6488136461454179,-1.244094329477047
0.2879585647886226,-0.5379662177283542,-0.3693725104305806,-1.5544213060296677,1.2606374435537622,1.3302689172543942,1.1415288090438602,0.9200632124563402,1.3100480432508752,-0.4633865149686188,-0.4945699319727059,-0.927596710923136,0.7376761580357691,-0.5687662025599258,1.5544213060296683,0.16823256052587232,0.6051134269831855,-1.025735435352669,-0.06361772807820404,0.022645422182824185,0.8930198660934462,0.6488136461454179,-1.244094329477047
0.4331172615944814,0.4965842009800195,0.684749892349207,-0.6023152648894795,0.8030038849182499,-0.07626025347551207,1.1043056325673055,0.9200632124563402,-1.3635193919549924,-0.4633865149686188,1.5518046750839691,-0.7119392367183964,-0.2750108281220081,1.0315638668195144,0.60231526488948,0.36732876158420025,-1.300755634381179,-0.8094710568414483,0.7769446052369716,1.3166695469156378,0.8930198660934462,0.6488136461454179,0.8037975708966928
-0.43783491924067164,-0.5379662177283542,-0.18604687516453058,0.34979077625070837,-0.22667162201165245,-0.6037086924992269,1.61384907695224,0.05002707774585293,-1.3635193919549924,0.43204636419779424,-0.14174672385948603,0.941434732184607,-0.5606692147041243,-0.04817690288227654,-0.3497907762507078,1.441385550334593,-0.6654659472597242,0.9199653173408575,1.04722397318012,-1.2713787025499892,0.8930198660934462,0.6488136461454179,-1.244094329477047
-1.4539457968816836,-0.5379662177283542,-0.5526981456966306,0.6527336075225861,1.146229053894884,1.5060850635956324,-0.36993274894498945,-0.3849909896093904,-0.47233024688636976,0.43204636419779424,0.7755936172348858,-0.35251011304383045,0.9127819484381888,1.589038720741635,-0.6527336075225856,-0.841907797078905,-0.03017626013826931,-0.5677712954234748,-0.14424883169373004,0.022645422182824185,-0.41304209528636526,0.6488136461454179,0.8037975708966928
0.14279986798276373,-0.882816357297812,0.9368226408400258,-0.8619805488368038,-0.22667162201165245,-1.1311571315229418,1.2901882835165426,-1.2550271243198776,0.41885889818225275,1.3274792433642073,-0.6356992152179938,-1.2151400098627887,-1.0731739671014509,-0.6555310858395341,0.8619805488368042,1.1609290576941957,1.2404031141046403,-1.1499291004182135,-0.8534115191804387,1.3166695469156378,-0.41304209528636526,0.6488136461454179,-1.244094329477047
-1.018469706464107,0.8414343405494774,1.4867995466381758,1.2586192700663428,0.8030038849182499,1.1544527709131558,-1.0632569597985577,-1.2550271243198776,1.3100480432508752,-0.4633865149686188,-0.5651345735953498,-0.5681675872485701,0.7443975318377013,-0.2662014813797535,-1.258619270066342,-1.2337789897801144,0.6051134269831855,-0.6918377128813699,-0.8611476669234067,-1.2713787025499892,-1.7191040566661766,0.6488136461454179,0.8037975708966928
1.5943868360413522,-0.19311607815889628,-1.7213990705176996,0.046847944978830554,-1.599572297918189,-0.7795248388404652,1.590850216342587,-0.3849909896093904,-0.47233024688636976,-0.4633865149686188,0.9872875421028176,-1.1432541851278757,-0.4752517559712367,0.17267916364763528,-0.04684794497883007,2.834081214460392,-0.6654659472597242,-0.9153410664055187,0.38594961653761806,0.022645422182824185,-0.41304209528636526,0.6488136461454179,0.8037975708966928
-0.2926762224348128,-1.5725166364367278,0.043110168918031946,-0.9918131908104655,1.031820664236006,1.5060850635956324,0.8377795364009216,0.9200632124563402,-0.47233024688636976,-1.358819394135032,-0.42400529035006185,-0.7838250614533097,0.952440054278458,-0.36165002956989334,0.9918131908104658,0.060684911126113066,-1.300755634381179,-0.8925612759878528,0.3109651485385654,0.022645422182824185,0.8930198660934462,0.6488136461454179,0.8037975708966928
0.14279986798276373,-0.882816357297812,0.7305813011657195,-0.039707149670277525,1.146229053894884,-0.7795248388404652,1.2590067116816688,-1.2550271243198776,-0.47233024688636976,-0.4633865149686188,1.4812400334613256,-0.20873846357400408,-0.8916618672940644,1.1308047463876938,0.039707149670278004,0.3049345418977981,-0.6654659472597242,-0.45565201446152515,-0.5738891959376872,0.022645422182824185,0.8930198660934462,0.6488136461454179,-1.244094329477047
-0.7281523128523893,-0.19311607815889628,0.593087074716182,1.7346722906364362,0.9174122745771279,1.3302689172543942,-0.7847611182894515,-0.820009056964634,-1.3635193919549924,-0.4633865149686188,1.3401107502160374,1.5884071547988257,0.8500965553358275,1.5858950655503448,-1.7346722906364356,-1.0645023673983427,-1.300755634381179,1.0290242705346149,-0.3172835038957385,-1.2713787025499892,-1.7191040566661766,0.6488136461454179,0.8037975708966928
1.4492281392354933,-0.882816357297812,0.8222441187987445,0.8258437968208023,-0.6843051806471646,-1.6586055705466567,1.6103043793993135,0.4850451451010968,0.41885889818225275,-0.4633865149686188,0.9872875421028176,-1.0713683603929625,-1.5856787194987771,0.21548072692862585,-0.8258437968208017,1.832114488183412,-0.03017626013826931,-0.9601887787902986,1.9216521481188409,-1.2713787025499892,-1.7191040566661766,0.6488136461454179,-1.244094329477047
0.7234346552061991,-1.22766649686727,-0.02563694430673681,1.2153417227417886,0.9174122745771279,-0.7795248388404652,0.2471310866946358,0.9200632124563402,-0.47233024688636976,0.43204636419779424,1.2695461085933937,0.6538914332449542,-0.869274226900364,0.6763859820491886,-1.215341722741788,-0.31457122323406345,-0.03017626013826931,0.2767400627899202,1.6867500405112597,1.3166695469156378,0.8930198660934462,-1.5412746108855286,0.8037975708966928
1.0137520488179168,1.1862844801189352,-1.583904844068162,0.8258437968208023,-1.2563471289415549,-0.6037086924992269,1.741935858039798,-0.820009056964634,-1.3635193919549924,1.3274792433642073,-0.42400529035006185,-0.49628176251365685,-0.3461323416075692,-0.6555310858395339,-0.8258437968208017,2.5653278571978957,-0.03017626013826931,-0.2144651891364009,0.40138252781603095,1.3166695469156378,0.8930198660934462,0.6488136461454179,0.8037975708966928
-1.3087871000758247,0.8414343405494774,0.776412709982232,-0.6455928122140336,1.2606374435537622,1.6819012099368706,0.5862628985548735,1.3550812798115834,0.41885889818225275,-0.4633865149686188,-1.3413456314444334,-0.6400534119834832,1.0110120259810098,-1.0773048240042962,0.645592812214034,-0.21668382822902824,-0.03017626013826931,-0.8049466974583683,0.7560495443562016,0.022645422182824185,0.8930198660934462,0.6488136461454179,0.8037975708966928
1.5943868360413522,-1.22766649686727,1.0055697540647945,1.3451743647154508,-1.3707555186004328,0.9786366245719176,-1.6566922799974528,0.9200632124563402,1.3100480432508752,-1.358819394135032,1.1284168253481057,-1.3589116593326152,1.586969747722767,0.2647025247017652,-1.3451743647154502,-0.9414620952585873,-0.03017626013826931,-1.2057833942307599,0.14155629506285022,0.022645422182824185,-1.7191040566661766,0.6488136461454179,0.8037975708966928
0.8685933520120579,-0.5379662177283542,-1.2860006867608307,1.0855090807681265,-0.45548840132940854,0.627004331889441,1.744632377616713,0.05002707774585293,0.41885889818225275,-1.358819394135032,-0.2828760071047738,1.0133205569195203,0.7240093646385071,-0.525754551019607,-1.085509080768126,1.7483911701019454,-0.6654659472597242,1.0938364484326193,1.6725102876469438,-1.2713787025499892,-0.41304209528636526,0.6488136461454179,-1.244094329477047
0.7234346552061991,0.8414343405494774,0.043110168918031946,-0.2128173389684937,0.4597787159416158,-0.42789254615798866,-1.0206057244334077,-0.820009056964634,1.3100480432508752,-1.358819394135032,-1.7647334811802973,0.7976630827147806,-0.5135423409204622,-1.6145113747194142,0.21281733896849414,-1.0944281728450602,-0.03017626013826931,0.5321575126342728,-0.9250403409878072,1.3166695469156378,-1.7191040566661766,0.6488136461454179,0.8037975708966928
1.4492281392354933,1.5311346196883933,-1.7213990705176996,0.6094560601980326,0.5741871056004938,0.4511881855482028,1.2979640654237925,0.9200632124563402,-1.3635193919549924,-0.4633865149686188,-0.9179577817085696,0.36634813430530144,0.22111769573247522,-1.0557257025167965,-0.609456060198032,0.6391124856052169,-1.300755634381179,0.13059880209375418,2.0038760161679274,1.3166695469156378,0.8930198660934462,0.6488136461454179,0.8037975708966928
-1.3087871000758247,-0.5379662177283542,0.5243399614914133,-1.5111437587051137,0.8030038849182499,0.0995558928657262,0.7249375462513213,-1.690045191675121,1.3100480432508752,-1.358819394135032,-1.4119102730670774,1.7321788042686521,-0.12938106241347833,-1.1616595716372486,1.5111437587051142,0.08710193641197309,-0.03017626013826931,1.1902957904798834,-1.3497530695083764,1.3166695469156378,0.8930198660934462,0.6488136461454179,0.8037975708966928
1.4492281392354933,-0.5379662177283542,-0.09438405753150557,-0.5590377175649255,-1.599572297918189,-0.07626025347551207,-1.4048996866414554,1.3550812798115834,-0.47233024688636976,0.43204636419779424,0.9167229004801736,-0.7119392367183964,0.4130898148507957,0.168399007319536,0.5590377175649259,-0.5405343891478542,-0.03017626013826931,-0.37716851778816046,-0.32458923733731904,-1.2713787025499892,0.8930198660934462,0.6488136461454179,-1.244094329477047
1.5943868360413522,0.8414343405494774,-1.2630849823525745,1.2153417227417886,1.7182710021892742,0.27537203920696446,-1.0961720085043056,0.05002707774585293,1.3100480432508752,-1.358819394135032,-0.5651345735953498,0.43823395904021467,-0.16948201239118946,-0.8395778079477938,-1.215341722741788,-1.4933617480224868,-0.03017626013826931,-0.07298403378704477,-0.01574005641372549,0.022645422182824185,0.8930198660934462,-1.5412746108855286,0.8037975708966928
-1.3087871000758247,1.1862844801189352,0.8909912320235133,0.9123988914699104,-1.3707555186004328,0.9786366245719176,0.5177867099845241,-1.2550271243198776,-1.3635193919549924,-0.4633865149686188,-0.4945699319727059,0.29446230957038827,1.586969747722767,-0.06504785240886712,-0.9123988914699098,1.3913763995774044,-1.300755634381179,0.7589735292929295,-0.4618250935357125,-1.2713787025499892,0.8930198660934462,0.6488136461454179,-1.244094329477047
1.1589107456237755,-0.882816357297812,-0.6214452589213993,-1.1216458327841277,-0.6843051806471646,-0.07626025347551207,-1.2174691634155996,1.7900993471668274,-1.3635193919549924,0.43204636419779424,1.0578521837254613,0.6538914332449542,0.07996172579253351,0.35672588575589487,1.1216458327841279,-0.8223818900435163,-0.6654659472597242,0.833719716600896,-0.38015662542923384,0.022645422182824185,0.8930198660934462,-1.5412746108855286,-1.244094329477047
-0.8733110096582481,-0.19311607815889628,0.06602587332628819,-0.9485356434859119,-1.0275303496237986,-0.7795248388404652,0.9728751672043731,0.4850451451010968,1.3100480432508752,1.3274792433642073,0.49333505074430967,-0.20873846357400408,-0.598632529696519,0.8066178731316412,0.9485356434859122,1.535147390390673,1.8756928012260952,0.041410131136451776,0.13905659253120334,-1.2713787025499892,0.8930198660934462,0.6488136461454179,0.8037975708966928
-0.14751752562895395,1.5311346196883933,-0.8964337118204744,0.7392887021716942,1.4894542228715182,1.5060850635956324,0.9710716508639687,-0.820009056964634,-1.3635193919549924,-1.358819394135032,0.9872875421028176,-0.49628176251365685,0.8009105752469814,0.8628543715536096,-0.7392887021716936,-0.049552929370728874,-1.9360453215026339,-0.7225628400351217,0.06760154197733245,1.3166695469156378,0.8930198660934462,0.6488136461454179,0.8037975708966928
-0.0023588288230951236,-0.882816357297812,0.6618341879409507,-1.4245886640560055,0.3453703262827378,0.4511881855482028,1.0426057626740093,-0.820009056964634,-0.47233024688636976,1.3274792433642073,-1.6236041979350095,0.5101197837751278,0.2845140611791856,-1.483741335326703,1.4245886640560061,0.5750193730655476,0.6051134269831855,0.3183644251617591,-0.8628372162148435,0.022645422182824185,-0.41304209528636526,0.6488136461454179,0.8037975708966928
-1.4539457968816836,1.5311346196883933,0.7076655967574632,0.5229009655489245,1.2606374435537622,0.9786366245719176,-0.4272250350207461,0.05002707774585293,1.3100480432508752,0.43204636419779424,-0.2828760071047738,0.582005608510041,0.4643402900905284,0.26870354039977085,-0.522900965548924,-0.9192447239538369,1.2404031141046403,0.13340543859241055,0.08372271348528947,0.022645422182824185,0.8930198660934462,0.6488136461454179,-1.244094329477047
-1.018469706464107,0.8414343405494774,0.36393003063361945,0.8691213441453564,-0.3410800116705305,-1.1311571315229418,-1.1363256363860066,-1.2550271243198776,-1.3635193919549924,-0.4633865149686188,1.5518046750839691,0.8695489074496938,-1.0631248543093463,2.0697761453789285,-0.8691213441453558,-0.895685938366114,-1.300755634381179,0.8996722348138079,-0.9559464157747104,0.022645422182824185,-0.41304209528636526,-1.5412746108855286,0.8037975708966928
0.8685933520120579,-0.882816357297812,-0.39228821483883686,-0.47248262291581744,0.23096193662385972,1.5060850635956324,-1.6179751616358178,-1.2550271243198776,0.41885889818225275,-0.4633865149686188,1.1284168253481057,-0.6400534119834832,1.2697049010006127,0.5124577275398073,0.4724826229158179,-1.4967669055450248,-0.03017626013826931,-0.6718820563167138,-1.2988482196209004,0.022645422182824185,0.8930198660934462,-1.5412746108855286,0.8037975708966928
-1.3087871000758247,0.15173406141056162,0.9826540496565382,0.6527336075225861,1.37504583321264,-0.25207639981675034,-0.05302726234548603,-1.2550271243198776,0.41885889818225275,0.43204636419779424,0.06994720100844609,-0.9994825356580492,-0.5089010578963137,0.6097901286547524,-0.6527336075225856,-0.6996565145315726,0.6051134269831855,-1.089295829594968,-0.696435072098261,0.022645422182824185,-1.7191040566661766,0.6488136461454179,0.8037975708966928
0.5782759584003403,-1.5725166364367278,-0.7131080765544244,1.1720641754172345,-0.1122632323527744,-0.42789254615798866,-1.6598643675724785,1.7900993471668274,0.41885889818225275,-1.358819394135032,0.21107648425373385,-1.2151400098627887,-0.41239739954514953,-0.08100685871780391,-1.172064175417234,-1.4310291609686063,-0.6654659472597242,-1.1590418431379077,0.5238621927257808,0.022645422182824185,0.8930198660934462,-1.5412746108855286,0.8037975708966928
-0.2926762224348128,-1.22766649686727,-1.6068205484764182,-1.2082009274332357,-0.7987135703060426,0.9786366245719176,0.15277251255407237,0.4850451451010968,0.41885889818225275,-1.358819394135032,-0.9885224233312137,-1.2151400098627887,1.2494539533374964,-0.8841052407159211,1.208200927433236,0.5437081332722541,-0.6654659472597242,-1.0985487425305769,-0.34595402536388004,0.022645422182824185,0.8930198660934462,-1.5412746108855286,0.8037975708966928
0.14279986798276373,-1.5725166364367278,0.13477298655105696,0.34979077625070837,-0.22667162201165245,0.9786366245719176,-1.4467713827107336,-0.820009056964634,-1.3635193919549924,1.3274792433642073,0.14051184263108982,0.7257772579798675,0.9768450424878544,-0.0005412806895505221,-0.3497907762507078,-1.2106838285630197,-0.03017626013826931,0.7129758755649503,-0.9265359335558062,-1.2713787025499892,-0.41304209528636526,-1.5412746108855286,-1.244094329477047
-1.3087871000758247,1.5311346196883933,-0.6672766677379118,-0.9052580961613579,1.4894542228715182,-1.30697327786418,0.05597656487385576,1.3550812798115834,0.41885889818225275,1.3274792433642073,-0.14174672385948603,0.582005608510041,-1.3205021311936929,0.35672588575589487,0.9052580961613582,-0.6649708920763923,1.2404031141046403,0.0806797698415326,0.25051436711235286,-1.2713787025499892,0.8930198660934462,0.6488136461454179,-1.244094329477047
1.5943868360413522,-0.5379662177283542,-0.23187828398104307,-0.039707149670277525,0.4597787159416158,1.3302689172543942,0.07620186249011034,-0.820009056964634,-0.47233024688636976,-0.4633865149686188,-0.14174672385948603,0.36634813430530144,1.0180810570485588,-0.5635077247854041,0.039707149670278004,-0.24234654758789811,-0.6654659472597242,0.16100403082919806,-0.5455331676182021,0.022645422182824185,0.8930198660934462,0.6488136461454179,0.8037975708966928
-1.1636284032699657,0.8414343405494774,1.4409681378216634,1.56156210133822,-0.6843051806471646,-0.9553409851817035,-0.7890244207997588,1.3550812798115834,-0.47233024688636976,0.43204636419779424,-1.2707809898217894,1.2289780311242597,-0.8453940771470836,-1.0199435956138885,-1.5615621013382193,-0.4201909082253664,-0.03017626013826931,1.4316892150646277,1.353416086974118,0.022645422182824185,0.8930198660934462,-1.5412746108855286,0.8037975708966928
-0.7281523128523893,-1.5725166364367278,0.5701713703079258,0.6527336075225861,0.9174122745771279,-0.07626025347551207,-0.5744627082619642,-1.2550271243198776,1.3100480432508752,0.43204636419779424,0.14051184263108982,-0.1368526388390909,-0.29615063282163334,0.35672588575589487,-0.6527336075225856,-0.9116672878366414,1.2404031141046403,-0.35980811299405197,-0.8404963604995116,1.3166695469156378,-0.41304209528636526,0.6488136461454179,-1.244094329477047
-1.018469706464107,-0.882816357297812,0.9826540496565382,-0.8619805488368038,-0.9131219599649206,1.6819012099368706,-1.303105722415559,0.05002707774585293,1.3100480432508752,-1.358819394135032,-0.2828760071047738,-0.7838250614533097,2.0835582034617914,0.04526220218807082,0.8619805488368042,-0.7990960953732108,-0.03017626013826931,-0.6189561845582779,-0.8626228743419688,0.022645422182824185,-0.41304209528636526,-1.5412746108855286,0.8037975708966928
1.1589107456237755,1.5311346196883933,-0.32354110161406807,1.3884519120400047,-0.3410800116705305,1.1544527709131558,-1.3260793688161812,0.4850451451010968,-1.3635193919549924,-0.4633865149686188,0.42277040912166597,-0.1368526388390909,1.201275228178187,-0.08767961396892746,-1.388451912040004,-1.0633341398643994,-1.300755634381179,-0.08521870383233839,0.1725814213731492,-1.2713787025499892,-0.41304209528636526,0.6488136461454179,-1.244094329477047
0.8685933520120579,1.5311346196883933,1.1659796849225883,-1.3813111167314518,-0.3410800116705305,1.1544527709131558,-1.271273483908749,0.05002707774585293,-0.47233024688636976,1.3274792433642073,-1.6236041979350095,-1.646454958272268,1.201275228178187,-1.5120562156510509,1.381311116731452,-1.0149129155829002,0.6051134269831855,-1.5625551118015577,-1.0330100434447054,-1.2713787025499892,-0.41304209528636526,0.6488136461454179,-1.244094329477047
-1.4539457968816836,-1.5725166364367278,0.868075527615257,0.1766805869524922,-0.3410800116705305,-1.30697327786418,-1.6366210692141647,1.3550812798115834,0.41885889818225275,0.43204636419779424,0.6344643339895978,-1.2151400098627887,-1.2373094760391568,1.4129940300293864,-0.1766805869524917,-1.3376990068695798,0.6051134269831855,-1.1404589952389235,-0.12867033965240554,1.3166695469156378,-1.7191040566661766,-1.5412746108855286,0.8037975708966928
-0.0023588288230951236,0.15173406141056162,1.0972325716978195,-1.2514784747577896,-0.22667162201165245,1.1544527709131558,0.1685650121437565,0.4850451451010968,0.41885889818225275,1.3274792433642073,-1.1296517065765015,1.4446355053289994,1.1476799599536303,-1.0542989837407637,1.25147847475779,0.1890271927389147,1.2404031141046403,1.4029406814846406,-0.36794361671108444,0.022645422182824185,-1.7191040566661766,0.6488136461454179,0.8037975708966928
-0.8733110096582481,0.4965842009800195,1.3951367290051508,1.2586192700663428,0.23096193662385972,1.6819012099368706,0.28412453371113106,-1.2550271243198776,1.3100480432508752,-1.358819394135032,0.8461582588575295,-0.8557108861882229,1.42833732436169,1.1815278626114294,-1.258619270066342,0.03370018936512831,-0.03017626013826931,-0.8640865379657704,-0.4334536013772714,-1.2713787025499892,-0.41304209528636526,-1.5412746108855286,0.8037975708966928
1.4492281392354933,1.5311346196883933,-1.2860006867608307,-1.0783682854595735,-1.4851639082593109,-0.9553409851817035,1.62437881080142,-0.3849909896093904,-1.3635193919549924,1.3274792433642073,1.6223693167066136,-1.287025834597702,-0.71900401625777,0.6392162034104335,1.078368285459574,2.7216271266535026,-0.03017626013826931,-1.1078580756670129,-0.2972848653457488,0.022645422182824185,0.8930198660934462,0.6488136461454179,0.8037975708966928
-0.14751752562895395,0.15173406141056162,0.8909912320235133,-0.38592752826670984,-0.7987135703060426,-0.9553409851817035,-0.17482379867453068,0.9200632124563402,-1.3635193919549924,-1.358819394135032,0.9872875421028176,-1.5026833088024416,-0.8296433400757709,0.8628543715536096,0.3859275282667103,0.22964287859890706,-1.9360453215026339,-1.403894869405674,0.269053972969192,1.3166695469156378,-0.41304209528636526,-1.5412746108855286,0.8037975708966928
0.2879585647886226,0.15173406141056162,-0.7589394853709369,-0.7321479068631417,1.603862612530396,-1.4827894242054183,1.4465457960852965,0.9200632124563402,1.3100480432508752,-1.358819394135032,0.21107648425373385,-1.2151400098627887,-1.4550402532014195,0.009666352637462116,0.732147906863142,0.21789578623518407,-0.03017626013826931,-1.263570362569692,0.8269186988991863,0.022645422182824185,-0.41304209528636526,0.6488136461454179,0.8037975708966928
-0.8733110096582481,-0.882816357297812,1.234726798147357,-1.3380335694068977,0.5741871056004938,0.0995558928657262,-0.4558095433254378,-0.820009056964634,-0.47233024688636976,-0.4633865149686188,-1.3413456314444334,-0.2806242883089173,-0.08001504013940035,-1.1429140721632591,1.338033569406898,-0.7002565871219946,-0.6654659472597242,-0.4166953151442376,-1.106401649572093,0.022645422182824185,-0.41304209528636526,0.6488136461454179,0.8037975708966928
0.4331172615944814,-0.882816357297812,-1.7901461837424681,-1.4678662113805596,-1.599572297918189,-1.6586055705466567,-1.1312757906328743,-0.820009056964634,0.41885889818225275,1.3274792433642073,-0.0006174406141979493,-1.1432541851278757,-1.5856787194987771,-0.2056390984637876,1.4678662113805603,-0.232305899155792,1.2404031141046403,-0.9153410664055187,-1.265343539881152,0.022645422182824185,0.8930198660934462,-1.5412746108855286,0.8037975708966928
1.3040694424296344,1.5311346196883933,-1.3318320955773433,0.003570397654276513,0.11655354696498167,-0.25207639981675034,-0.6834175078526348,-0.3849909896093904,-1.3635193919549924,-1.358819394135032,0.9167229004801736,-0.9994825356580492,-0.2935455255758211,0.21211774695654811,-0.003570397654276032,-0.6985762444715989,-1.9360453215026339,-0.9805741026015622,-0.520778461262021,-1.2713787025499892,0.8930198660934462,-1.5412746108855286,0.8037975708966928
0.4331172615944814,1.1862844801189352,-1.492242026435137,1.1720641754172345,-0.9131219599649206,-1.30697327786418,0.5303840089742375,0.05002707774585293,1.3100480432508752,-0.4633865149686188,-0.21231136548213006,1.0852063816544333,-1.1994432539239805,-0.3743485937296927,-1.172064175417234,0.9968752283432304,0.6051134269831855,1.4089403754491596,0.981611777314272,-1.2713787025499892,-0.41304209528636526,-1.5412746108855286,0.8037975708966928
-1.5991044936875425,-0.19311607815889628,-1.2630849823525745,0.0901254923033846,-0.6843051806471646,1.3302689172543942,0.05716233309300314,0.05002707774585293,1.3100480432508752,1.3274792433642073,-0.7768284984632817,-0.927596710923136,1.560531010495921,-0.28743764162301444,-0.0901254923033841,0.37414415414881286,1.8756928012260952,-0.8106964041743658,0.11355385041286363,-1.2713787025499892,0.8930198660934462,0.6488136461454179,0.8037975708966928
0.14279986798276373,1.5311346196883933,1.418052433413407,0.21995813427704622,-0.45548840132940854,-0.25207639981675034,0.6745280388463039,-0.820009056964634,-1.3635193919549924,1.3274792433642073,0.8461582588575295,-0.35251011304383045,-0.16433220618352537,0.5949039967195252,-0.21995813427704572,0.784040762744795,-0.03017626013826931,-0.26953400806468863,-0.256415618762214,0.022645422182824185,0.8930198660934462,0.6488136461454179,-1.244094329477047
0.8685933520120579,1.5311346196883933,0.18060439536756945,-0.47248262291581744,1.146229053894884,-0.9553409851817035,-0.7570422978281539,0.05002707774585293,-0.47233024688636976,1.3274792433642073,-1.2707809898217894,0.7976630827147806,-1.030465237735007,-1.2525031460111973,0.4724826229158179,-1.1144493071916222,0.6051134269831855,0.3291829522721226,-0.509963143146707,0.022645422182824185,-0.41304209528636526,0.6488136461454179,0.8037975708966928
-1.018469706464107,-0.5379662177283542,-0.7131080765544244,0.7392887021716942,-1.599572297918189,-1.30697327786418,-0.3640123125855962,-0.3849909896093904,0.41885889818225275,-0.4633865149686188,1.2695461085933937,-0.49628176251365685,-1.141507934087761,1.7583124618111046,-0.7392887021716936,0.6319916520242906,-0.03017626013826931,-0.10808224347948119,-0.10743594027859892,0.022645422182824185,0.8930198660934462,0.6488136461454179,-1.244094329477047
0.7234346552061991,-1.5725166364367278,0.9139069364317696,1.518284554013666,-0.9131219599649206,-1.30697327786418,0.427971596232389,0.9200632124563402,-0.47233024688636976,-1.358819394135032,0.9872875421028176,-1.0713683603929625,-1.1994432539239805,0.4632792511869927,-1.5182845540136654,0.8965584644541016,-1.300755634381179,-0.9309402707132683,2.072745663945981,1.3166695469156378,0.8930198660934462,0.6488136461454179,0.8037975708966928
1.1589107456237755,-0.5379662177283542,-0.04855264871499306,0.8258437968208023,0.9174122745771279,-0.07626025347551207,-0.4072224629175978,1.7900993471668274,0.41885889818225275,-0.4633865149686188,-1.6236041979350095,-0.1368526388390909,-0.29615063282163334,-1.5196528908600224,-0.8258437968208017,-0.790124874844628,-0.03017626013826931,-0.35980811299405197,1.555414541892634,0.022645422182824185,0.8930198660934462,0.6488136461454179,-1.244094329477047
0.5782759584003403,-0.19311607815889628,0.7305813011657195,1.1287866280926806,1.603862612530396,1.3302689172543942,1.5752643331880172,1.7900993471668274,-1.3635193919549924,1.3274792433642073,-0.4945699319727059,-0.9994825356580492,0.6351752075563037,-0.6281727893099279,-1.12878662809268,0.30318830315327244,-0.03017626013826931,-1.105284318858704,3.830434108316266,-1.2713787025499892,0.8930198660934462,0.6488136461454179,-1.244094329477047
0.8685933520120579,1.1862844801189352,-1.4005792088021118,0.6960111548471402,1.603862612530396,0.8028204782306794,0.41988904144859646,-1.2550271243198776,0.41885889818225275,-1.358819394135032,1.4106753918386812,-0.1368526388390909,0.24325980866423055,0.72010018325169,-0.6960111548471396,-0.4623958064515826,-0.6654659472597242,-0.47214014401475296,-0.5532485569277258,1.3166695469156378,0.8930198660934462,-1.5412746108855286,0.8037975708966928
1.1589107456237755,-1.22766649686727,0.6160027791244382,0.6527336075225861,-1.4851639082593109,-0.42789254615798866,-1.328413784335625,-0.3849909896093904,1.3100480432508752,0.43204636419779424,-0.9885224233312137,-0.7838250614533097,-0.06899798882701448,-1.0752473911351996,-0.6527336075225856,-0.5234710025141419,1.2404031141046403,-0.4953039552895317,-0.5855946523122003,0.022645422182824185,-0.41304209528636526,0.6488136461454179,0.8037975708966928
1.1589107456237755,0.4965842009800195,-0.9422651206369869,0.6094560601980326,-1.0275303496237986,1.6819012099368706,-0.843964781488689,0.05002707774585293,0.41885889818225275,1.3274792433642073,0.28164112587637785,-1.1432541851278757,2.165096801749804,-0.18643639168555476,-0.609456060198032,-0.2840629023158148,1.2404031141046403,-0.9950703328673496,-0.10393893060986671,0.022645422182824185,-0.41304209528636526,0.6488136461454179,-1.244094329477047
1.0137520488179168,-1.22766649686727,-1.240169277944318,0.5229009655489245,1.4894542228715182,0.627004331889441,1.5889836644796054,0.05002707774585293,1.3100480432508752,-1.358819394135032,1.1284168253481057,-0.8557108861882229,0.13796910448427074,0.45795158291543814,-0.522900965548924,0.36600405303754313,-0.03017626013826931,-0.9903103766606733,1.1622366541912708,0.022645422182824185,-1.7191040566661766,-1.5412746108855286,0.8037975708966928
0.4331172615944814,0.15173406141056162,0.9826540496565382,1.604839648662774,-1.4851639082593109,-0.07626025347551207,-1.1533466282712515,-1.690045191675121,0.41885889818225275,0.43204636419779424,0.8461582588575295,-1.5026833088024416,0.364339362793489,0.4691988825998316,-1.6048396486627734,-0.33107343908255515,0.6051134269831855,-1.3703812701145048,-1.132197193881811,0.022645422182824185,0.8930198660934462,0.6488136461454179,0.8037975708966928
0.2879585647886226,-0.882816357297812,-1.7901461837424681,1.2153417227417886,0.002145157306103638,0.0995558928657262,1.4351482732086365,-0.820009056964634,-1.3635193919549924,-1.358819394135032,-0.7062638568406376,1.300863855859173,0.05939826350498638,-0.7422959691191422,-1.215341722741788,1.1171377386294874,-1.9360453215026339,1.157619861602084,0.4697297563914317,0.022645422182824185,-1.7191040566661766,0.6488136461454179,0.8037975708966928
-1.5991044936875425,0.8414343405494774,-1.5609891396599058,1.604839648662774,0.11655354696498167,-1.6586055705466567,-0.8245869614537507,0.05002707774585293,0.41885889818225275,1.3274792433642073,0.5638996923669537,-1.2151400098627887,-1.5856787194987771,1.461006218405454,-1.6048396486627734,-0.8142292149805295,1.2404031141046403,-1.1762732111896925,0.31478188419389713,-1.2713787025499892,-0.41304209528636526,-1.5412746108855286,-1.244094329477047
-0.43783491924067164,0.4965842009800195,-0.20896257957278683,-1.2082009274332357,1.37504583321264,0.9786366245719176,0.03413755787962387,0.05002707774585293,-1.3635193919549924,-0.4633865149686188,-0.7768284984632817,1.4446355053289994,0.43327939600584175,-0.6555310858395339,1.208200927433236,-0.6401484190845982,-1.300755634381179,0.7589735292929295,-0.5811834220763168,-1.2713787025499892,-0.41304209528636526,-1.5412746108855286,0.8037975708966928
-0.14751752562895395,0.15173406141056162,-1.5380734352516494,-1.2082009274332357,1.031820664236006,-0.9553409851817035,0.457341246990515,-0.820009056964634,1.3100480432508752,1.3274792433642073,0.8461582588575295,-0.6400534119834832,-1.0216523253260583,0.7363222501041808,1.208200927433236,-0.21141125245604495,1.8756928012260952,-0.7786623238995231,-0.8840736480651762,1.3166695469156378,-1.7191040566661766,0.6488136461454179,0.8037975708966928
-1.5991044936875425,1.5311346196883933,0.43267714385838824,0.0901254923033846,1.7182710021892742,0.27537203920696446,0.9201613612518098,0.4850451451010968,-0.47233024688636976,-1.358819394135032,1.2695461085933937,1.0852063816544333,-0.16948201239118946,2.3812398289467533,-0.0901254923033841,-0.17664610675568285,-1.300755634381179,0.3949920954454407,0.9024716825587119,-1.2713787025499892,-0.41304209528636526,0.6488136461454179,0.8037975708966928
0.2879585647886226,-0.19311607815889628,0.8222441187987445,0.046847944978830554,-1.4851639082593109,-0.9553409851817035,1.4498950835182336,1.3550812798115834,-1.3635193919549924,1.3274792433642073,-0.42400529035006185,-0.4243959377787437,-0.71900401625777,-0.510922947040187,-0.04684794497883007,2.5298707473164064,-0.03017626013826931,-0.05776529787704519,1.990160529713156,0.022645422182824185,-0.41304209528636526,0.6488136461454179,0.8037975708966928
-0.7281523128523893,-0.5379662177283542,1.211811093739101,0.5229009655489245,-1.2563471289415549,1.3302689172543942,0.7659365505302524,-1.2550271243198776,0.41885889818225275,1.3274792433642073,0.7755936172348858,-0.5681675872485701,1.9263693511929785,1.0074625103529566,-0.522900965548924,1.5426006684417386,1.2404031141046403,-0.2979027935732006,-0.5108144303632249,-1.2713787025499892,-1.7191040566661766,-1.5412746108855286,0.8037975708966928
-1.4539457968816836,-0.882816357297812,-1.217253573536062,-0.29937243361760174,0.3453703262827378,1.6819012099368706,-1.4032516579234082,-1.690045191675121,0.41885889818225275,-1.358819394135032,-1.7647334811802973,-0.5681675872485701,1.3754598499079973,-1.5797657120788386,0.2993724336176022,-1.3584399007994303,-0.6654659472597242,-0.6257979408336067,-1.3993646549941057,0.022645422182824185,-1.7191040566661766,0.6488136461454179,0.8037975708966928
-0.14751752562895395,-0.882816357297812,1.1430639805143321,-0.9485356434859119,1.7182710021892742,1.3302689172543942,0.4287413300025266,1.3550812798115834,-0.47233024688636976,-1.358819394135032,-0.0006174406141979493,1.2289780311242597,0.6029889187584041,-0.02287047859239079,0.9485356434859122,-0.4975555611560819,-1.300755634381179,0.49898679083043757,0.4034814331130738,0.022645422182824185,-1.7191040566661766,0.6488136461454179,0.8037975708966928
1.5943868360413522,0.15173406141056162,1.1430639805143321,0.9123988914699104,0.002145157306103638,0.8028204782306794,1.577110573604835,-0.3849909896093904,-0.47233024688636976,1.3274792433642073,1.0578521837254613,-1.1432541851278757,0.7174290567064918,0.21869084417469997,-0.9123988914699098,1.2355939984680937,0.6051134269831855,-1.1013760214831243,0.911606509009241,-1.2713787025499892,0.8930198660934462,-1.5412746108855286,0.8037975708966928
-1.5991044936875425,0.8414343405494774,-0.9422651206369869,-0.3426499809421558,-1.0275303496237986,1.1544527709131558,1.4714238156624464,-1.690045191675121,-0.47233024688636976,-1.358819394135032,1.3401107502160374,0.43823395904021467,1.5728690878684493,2.4732631900008832,0.34264998094215626,2.0343464713786594,-1.300755634381179,0.7589735292929295,-1.0042241497709028,0.022645422182824185,0.8930198660934462,-1.5412746108855286,0.8037975708966928
-0.0023588288230951236,0.8414343405494774,-0.7818551897791931,1.0422315334435726,1.2606374435537622,-0.07626025347551207,-1.0788337378220887,-0.820009056964634,-1.3635193919549924,1.3274792433642073,0.06994720100844609,-0.4243959377787437,-0.35566731374519384,-0.011367558460624616,-1.042231533443572,-1.3709469877263087,-0.03017626013826931,-0.6393551440376426,-0.6277567598213859,0.022645422182824185,-1.7191040566661766,0.6488136461454179,0.8037975708966928
1.5943868360413522,-1.22766649686727,0.43267714385838824,0.7825662494962483,0.8030038849182499,-1.4827894242054183,-1.4770984730173382,0.4850451451010968,0.41885889818225275,0.43204636419779424,-1.2002163481991457,-0.0649668141041777,-1.4400489537902474,-1.2536829326913783,-0.7825662494962476,-1.539470210409505,0.6051134269831855,-0.2801210090210958,-0.16956049631601297,0.022645422182824185,-0.41304209528636526,-1.5412746108855286,0.8037975708966928
1.3040694424296344,1.1862844801189352,-0.1631311707562743,-0.5590377175649255,0.4597787159416158,0.4511881855482028,-0.574055078549298,0.05002707774585293,0.41885889818225275,1.3274792433642073,-0.21231136548213006,-0.7119392367183964,0.2522693580640484,-0.5591256599733028,0.5590377175649259,-0.7475144528444161,1.2404031141046403,-0.7668796736834889,-0.47525388963854437,-1.2713787025499892,0.8930198660934462,0.6488136461454179,-1.244094329477047
-1.1636284032699657,0.8414343405494774,1.5784623642712008,-0.9052580961613579,0.9174122745771279,1.5060850635956324,-0.09955168037565976,1.7900993471668274,0.41885889818225275,1.3274792433642073,-0.6356992152179938,-1.3589116593326152,0.9933774538555106,-0.29111857606517944,0.9052580961613582,-0.5665240947794727,1.2404031141046403,-1.3435643846601912,0.383706481573639,1.3166695469156378,0.8930198660934462,0.6488136461454179,0.8037975708966928
-0.43783491924067164,-1.22766649686727,-0.6672766677379118,-0.3426499809421558,0.11655354696498167,1.5060850635956324,-0.7522389910077684,0.05002707774585293,-0.47233024688636976,0.43204636419779424,-1.4119102730670774,-1.0713683603929625,1.3216209668278742,-1.2628852687967913,0.34264998094215626,-0.7549581936729565,-0.03017626013826931,-1.0458071387976058,-0.4535333098028971,1.3166695469156378,-0.41304209528636526,0.6488136461454179,-1.244094329477047
1.4492281392354933,0.8414343405494774,1.418052433413407,1.604839648662774,0.9174122745771279,-1.6586055705466567,0.07284907308369656,1.3550812798115834,0.41885889818225275,-1.358819394135032,-0.3534406487274178,0.582005608510041,-1.5856787194987771,-0.6790719456440789,-1.6048396486627734,-0.44123126509039445,-0.6654659472597242,0.21887204680955913,2.2618859203038997,1.3166695469156378,-1.7191040566661766,-1.5412746108855286,0.8037975708966928
0.14279986798276373,-0.882816357297812,1.1430639805143321,0.6527336075225861,1.603862612530396,-0.6037086924992269,-1.0446495739284523,1.3550812798115834,-1.3635193919549924,-0.4633865149686188,-0.7062638568406376,0.29446230957038827,-0.8018479217146309,-0.7150756135804416,-0.6527336075225856,-1.4328402151660486,-1.300755634381179,-0.15556805659277753,0.5760030422290492,0.022645422182824185,-0.41304209528636526,0.6488136461454179,-1.244094329477047
-0.14751752562895395,1.1862844801189352,-0.5985295545131432,-0.7321479068631417,-1.2563471289415549,-1.6586055705466567,1.104239795465947,0.05002707774585293,1.3100480432508752,-0.4633865149686188,-0.07118208223684198,0.22257648483547507,-1.5856787194987771,-0.08613653931710516,0.732147906863142,1.897100844802555,0.6051134269831855,0.6199108552315967,0.05953492672597579,0.022645422182824185,-0.41304209528636526,0.6488136461454179,-1.244094329477047
0.5782759584003403,-1.22766649686727,-0.32354110161406807,-1.2514784747577896,-1.599572297918189,-0.42789254615798866,1.1822280443932018,-1.2550271243198776,-0.47233024688636976,-0.4633865149686188,0.5638996923669537,-0.8557108861882229,-0.031080970560220633,0.19257610657825772,1.25147847475779,2.3737815225311243,-0.6654659472597242,-0.5565593673272798,-1.0050683974274344,-1.2713787025499892,0.8930198660934462,-1.5412746108855286,-1.244094329477047
1.0137520488179168,-0.5379662177283542,-1.675567661701187,-1.3380335694068977,-0.5698967909882866,1.1544527709131558,1.5782059909082884,-0.3849909896093904,0.41885889818225275,1.3274792433642073,1.1989814669707495,1.5165213300639127,1.3150284505323486,0.5085644314952094,1.338033569406898,1.6981202428031479,1.2404031141046403,1.6620295065646877,-0.4688431485206279,1.3166695469156378,0.8930198660934462,-1.5412746108855286,0.8037975708966928
0.5782759584003403,0.4965842009800195,0.3410143262253632,-0.08298469699483156,-0.45548840132940854,0.27537203920696446,0.572367067800069,-0.3849909896093904,-1.3635193919549924,1.3274792433642073,0.14051184263108982,0.29446230957038827,0.36867273630969405,-0.13572345177701658,0.08298469699483203,0.6919759327323861,-0.03017626013826931,0.3762730502761416,-0.07806854491520371,0.022645422182824185,0.8930198660934462,-1.5412746108855286,0.8037975708966928
1.1589107456237755,0.15173406141056162,-1.4693263220268806,1.0855090807681265,0.3453703262827378,-1.1311571315229418,0.9477744221141167,0.05002707774585293,0.41885889818225275,0.43204636419779424,0.21107648425373385,-1.2151400098627887,-1.1181305243292865,-0.23581478054386842,-1.085509080768126,0.5000548500665793,0.6051134269831855,-1.192295360430826,1.185359803396836,-1.2713787025499892,0.8930198660934462,-1.5412746108855286,0.8037975708966928
-1.5991044936875425,1.5311346196883933,0.776412709982232,1.7779498379609902,-1.0275303496237986,-1.1311571315229418,-0.7488105589742619,0.05002707774585293,-1.3635193919549924,-0.4633865149686188,-0.2828760071047738,-1.287025834597702,-0.9934510056174223,0.35672588575589514,-1.7779498379609895,-0.18878453664730765,-1.300755634381179,-1.1545288657910115,0.43921257835284266,1.3166695469156378,0.8930198660934462,0.6488136461454179,-1.244094329477047
-1.4539457968816836,-0.5379662177283542,-1.5151577308433932,0.6094560601980326,1.37504583321264,-1.1311571315229418,-0.8161647152427364,0.05002707774585293,0.41885889818225275,-0.4633865149686188,1.5518046750839691,-1.1432541851278757,-1.1818870963978536,2.5572845196590013,-0.609456060198032,-1.220656343004668,-0.03017626013826931,-1.1980175565883737,-0.08874123766139327,0.022645422182824185,0.8930198660934462,-1.5412746108855286,-1.244094329477047
1.5943868360413522,0.8414343405494774,0.4785085526749007,-0.7321479068631417,1.2606374435537622,-0.7795248388404652,0.7559089996776045,-1.2550271243198776,1.3100480432508752,0.43204636419779424,-1.1296517065765015,1.1570922063893465,-0.9023390496356753,-1.2076712521643134,0.732147906863142,-0.09908329958680512,1.2404031141046403,0.5749829143810123,-0.9055073440450422,-1.2713787025499892,0.8930198660934462,0.6488136461454179,0.8037975708966928
0.5782759584003403,0.4965842009800195,1.1659796849225883,-1.2082009274332357,0.3453703262827378,-0.7795248388404652,-1.3667631954822261,-0.820009056964634,1.3100480432508752,0.43204636419779424,-1.4824749146897214,-0.20873846357400408,-0.806431727549626,-1.394205092138901,1.208200927433236,-1.329595637228766,1.2404031141046403,-0.31107715216848486,-1.248640774048784,-1.2713787025499892,0.8930198660934462,-1.5412746108855286,0.8037975708966928
0.14279986798276373,0.4965842009800195,-1.492242026435137,1.2586192700663428,-0.6843051806471646,-1.4827894242054183,-1.6223827454533573,0.4850451451010968,0.41885889818225275,1.3274792433642073,1.4812400334613256,-0.20873846357400408,-1.4006075589108538,1.1308047463876938,-1.258619270066342,-1.2024836275907766,1.2404031141046403,-0.06323453109470127,-0.09866758951950177,1.3166695469156378,-0.41304209528636526,-1.5412746108855286,0.8037975708966928
-0.5829936160465304,-0.19311607815889628,0.18060439536756945,1.3018968173908967,1.4894542228715182,-0.9553409851817035,-0.09654348515933488,0.9200632124563402,-1.3635193919549924,-0.4633865149686188,-1.3413456314444334,-0.4243959377787437,-1.0553255428886086,-1.1791122780440662,-1.301896817390896,-0.7675433786957839,-1.300755634381179,-0.6690133327100114,1.4572650290476483,0.022645422182824185,0.8930198660934462,0.6488136461454179,0.8037975708966928
1.3040694424296344,-0.19311607815889628,-0.9651808250452432,-0.6023152648894795,-0.5698967909882866,-0.6037086924992269,0.9849765867498121,-0.820009056964634,1.3100480432508752,-0.4633865149686188,1.0578521837254613,-0.0649668141041777,-0.4979135307371049,0.3085231728227791,0.60231526488948,1.1526069510483459,0.6051134269831855,0.05117289845830867,-0.5137235925142372,0.022645422182824185,0.8930198660934462,0.6488136461454179,-1.244094329477047
-1.018469706464107,-0.882816357297812,-0.5756138501048869,1.3018968173908967,0.4597787159416158,0.0995558928657262,1.0959919475340631,1.3550812798115834,-0.47233024688636976,-0.4633865149686188,1.5518046750839691,1.8040646290035653,-0.05405532152975575,2.0697761453789285,-1.301896817390896,0.5499021598838745,-0.6654659472597242,1.3981823035127807,3.003513819885944,1.3166695469156378,-0.41304209528636526,0.6488136461454179,-1.244094329477047
0.5782759584003403,0.15173406141056162,0.6618341879409507,-0.6023152648894795,0.002145157306103638,0.4511881855482028,-1.254368057148229,0.05002707774585293,1.3100480432508752,0.43204636419779424,1.3401107502160374,-0.5681675872485701,0.3884136601057391,0.7944586302295942,0.60231526488948,-1.1270499392243096,1.2404031141046403,-0.5698475784042517,-0.7544099842160452,1.3166695469156378,-1.7191040566661766,0.6488136461454179,0.8037975708966928
1.4492281392354933,1.1862844801189352,-1.3089163911690869,-0.16953979164393965,-1.4851639082593109,-1.1311571315229418,-0.6452950245873116,0.4850451451010968,0.41885889818225275,-1.358819394135032,1.2695461085933937,1.1570922063893465,-0.9356726920680218,0.403807605364985,0.16953979164394012,0.22727167169514778,-0.6654659472597242,1.8674047947378953,-0.0987227504658111,0.022645422182824185,-1.7191040566661766,-1.5412746108855286,-1.244094329477047
-1.1636284032699657,0.8414343405494774,0.409761439450132,1.3451743647154508,-0.7987135703060426,-0.07626025347551207,0.6424877831149889,-0.3849909896093904,0.41885889818225275,1.3274792433642073,1.0578521837254613,-1.3589116593326152,0.11540088420298693,1.6524148093980437,-1.3451743647154502,1.0131961766184288,1.2404031141046403,-1.2512218059681255,0.6735144068501259,0.022645422182824185,-0.41304209528636526,0.6488136461454179,-1.244094329477047
-1.018469706464107,0.15173406141056162,1.1430639805143321,-0.29937243361760174,-1.1419387392826768,0.4511881855482028,1.4280483721823536,-0.820009056964634,0.41885889818225275,1.3274792433642073,-0.0006174406141979493,-1.1432541851278757,0.8370710191067655,0.35672588575589514,0.2993724336176022,2.1108736656741733,1.2404031141046403,-0.9805741026015622,-0.25625979464698007,0.022645422182824185,-1.7191040566661766,0.6488136461454179,0.8037975708966928
-1.4539457968816836,1.1862844801189352,1.3951367290051508,0.6527336075225861,-1.2563471289415549,-0.7795248388404652,1.735671527885011,-1.690045191675121,-1.3635193919549924,-0.4633865149686188,0.7050289756122418,-0.7838250614533097,-0.5527234045894373,1.5010163753855108,-0.6527336075225856,2.5587636099496125,-1.300755634381179,-0.5482156068835999,-0.7160375273137679,0.022645422182824185,-0.41304209528636526,0.6488136461454179,0.8037975708966928
0.14279986798276373,0.15173406141056162,-1.240169277944318,-1.4678662113805596,0.4597787159416158,-0.6037086924992269,1.6057181949344717,-0.820009056964634,0.41885889818225275,1.3274792433642073,1.4106753918386812,0.29446230957038827,-0.6667046807173644,1.0712602186467859,1.4678662113805603,0.9458953810280136,1.2404031141046403,0.09914511719501902,-0.7826805661793799,0.022645422182824185,0.8930198660934462,-1.5412746108855286,-1.244094329477047
-1.018469706464107,-0.882816357297812,1.2576425025556133,0.21995813427704622,1.2606374435537622,-1.6586055705466567,0.1539652847201728,-1.2550271243198776,-1.3635193919549924,1.3274792433642073,-1.2707809898217894,-0.2806242883089173,-1.5856787194987771,-1.0448606902993143,-0.21995813427704572,-0.5163572517930235,-0.03017626013826931,-0.5289607750904921,-0.756731799763539,0.022645422182824185,0.8930198660934462,0.6488136461454179,0.8037975708966928
1.3040694424296344,1.5311346196883933,-0.48395103247186183,-0.08298469699483156,-1.2563471289415549,0.8028204782306794,1.2970857704758831,-0.3849909896093904,-1.3635193919549924,1.3274792433642073,-0.6356992152179938,0.36634813430530144,1.306596162247375,-0.8483419375719966,0.08298469699483203,2.0991796991289173,-0.03017626013826931,0.7867860641051961,0.19528696664338474,0.022645422182824185,0.8930198660934462,0.6488136461454179,-1.244094329477047
-0.5829936160465304,0.4965842009800195,-0.07146835312324931,1.3884519120400047,0.8030038849182499,0.9786366245719176,-1.4028062068971958,1.3550812798115834,-1.3635193919549924,-0.4633865149686188,1.5518046750839691,-0.7838250614533097,0.5987677661291713,1.6831315726740435,-1.388451912040004,-1.4845929378590739,-1.300755634381179,-0.8682877288214875,0.6449668419775971,1.3166695469156378,-0.41304209528636526,-1.5412746108855286,-1.244094329477047
-0.2926762224348128,-0.882816357297812,-0.7589394853709369,-1.2947560220823437,-1.599572297918189,0.27537203920696446,1.4720702799662109,-0.820009056964634,0.41885889818225275,-0.4633865149686188,-1.4824749146897214,1.6602929795337389,0.8572606002618121,-1.3412535504686955,1.294756022082344,2.7002794487348742,-0.03017626013826931,2.582780499607311,-0.7229290335306819,0.022645422182824185,-0.41304209528636526,-1.5412746108855286,0.8037975708966928
0.7234346552061991,0.4965842009800195,-1.5380734352516494,-1.5111437587051137,0.6885954952593719,1.6819012099368706,0.5436116631897234,-0.3849909896093904,0.41885889818225275,-0.4633865149686188,-1.2707809898217894,0.941434732184607,1.2274029214376585,-1.241574595710572,1.5111437587051142,0.007169990630755928,-0.03017626013826931,0.5795826797538103,-0.7980654390997145,1.3166695469156378,-0.41304209528636526,0.6488136461454179,0.8037975708966928
1.3040694424296344,0.15173406141056162,0.18060439536756945,1.2586192700663428,-0.22667162201165245,-0.9553409851817035,-0.07522907379188469,-1.690045191675121,-1.3635193919549924,-0.4633865149686188,-0.14174672385948603,-1.4307974840675284,-0.9023390496356753,-0.510922947040187,-1.258619270066342,-0.02222370837328813,-1.300755634381179,-1.3569185421941206,-0.946214442643099,1.3166695469156378,0.8930198660934462,0.6488136461454179,-1.244094329477047
-0.14751752562895395,-0.882816357297812,0.20352009977582572,0.34979077625070837,-1.4851639082593109,-1.4827894242054183,1.3252507423580884,1.7900993471668274,1.3100480432508752,-1.358819394135032,-1.6236041979350095,-0.6400534119834832,-1.3690100436885255,-1.4779898752608203,-0.3497907762507078,2.392887500007989,-0.03017626013826931,-0.32028849232453716,2.661786901378265,-1.2713787025499892,-1.7191040566661766,0.6488136461454179,-1.244094329477047
-0.14751752562895395,-0.19311607815889628,1.1659796849225883,-0.2560948862930477,1.146229053894884,-0.42789254615798866,0.25291564648314036,0.05002707774585293,-1.3635193919549924,0.43204636419779424,0.8461582588575295,0.6538914332449542,-0.6140551264121793,0.7363222501041808,0.25609488629304816,-0.4033961593499706,-0.6654659472597242,0.2170636713101729,0.014131584573393889,0.022645422182824185,0.8930198660934462,-1.5412746108855286,0.8037975708966928
-1.5991044936875425,0.8414343405494774,0.36393003063361945,0.5661785128734785,0.8030038849182499,0.0995558928657262,0.3486042701500835,0.4850451451010968,-0.47233024688636976,0.43204636419779424,-0.2828760071047738,0.582005608510041,-0.12938106241347833,0.35672588575589514,-0.566178512873478,-0.19088317349174802,-0.03017626013826931,0.24922903879925692,0.9012002621332408,0.022645422182824185,-0.41304209528636526,0.6488136461454179,0.8037975708966928
0.4331172615944814,1.1862844801189352,-0.7589394853709369,0.6960111548471402,1.2606374435537622,-1.30697327786418,-0.6540919819603129,1.3550812798115834,-1.3635193919549924,-1.358819394135032,-1.2707809898217894,-1.0713683603929625,-1.3123428515535365,-1.2178960700592167,-0.6960111548471396,-1.076511367366047,-1.9360453215026339,-1.1361298042998196,0.9278311062622518,0.022645422182824185,-0.41304209528636526,0.6488136461454179,0.8037975708966928
-0.7281523128523893,0.8414343405494774,-1.6984833661094432,-1.3380335694068977,-0.9131219599649206,-1.30697327786418,1.4688421608155608,0.05002707774585293,0.41885889818225275,-0.4633865149686188,0.6344643339895978,0.43823395904021467,-1.1994432539239805,0.8628543715536096,1.338033569406898,1.9161298608397919,-0.03017626013826931,0.7069761816004313,-0.24474956031890038,-1.2713787025499892,0.8930198660934462,0.6488136461454179,-1.244094329477047
0.7234346552061991,0.4965842009800195,-0.07146835312324931,0.6527336075225861,-1.0275303496237986,-0.7795248388404652,0.47682202504566285,0.05002707774585293,1.3100480432508752,0.43204636419779424,-0.42400529035006185,-0.4243959377787437,-0.598632529696519,-0.6022544031239851,-0.6527336075225856,1.0384470714695284,1.2404031141046403,-0.1977776682490408,0.6435012459360433,-1.2713787025499892,-0.41304209528636526,0.6488136461454179,-1.244094329477047
-1.5991044936875425,-0.19311607815889628,-1.5380734352516494,-0.5157601702403715,0.23096193662385972,-0.6037086924992269,0.9365519979112824,0.4850451451010968,-1.3635193919549924,-0.4633865149686188,-0.3534406487274178,1.5884071547988257,-0.633884179332314,0.2647025247017652,0.5157601702403719,0.5586562514562219,-1.300755634381179,1.3142309207235374,0.4526572500049338,-1.2713787025499892,-0.41304209528636526,0.6488136461454179,0.8037975708966928
-0.2926762224348128,-0.882816357297812,-0.43811962365534934,-1.3380335694068977,0.6885954952593719,-0.42789254615798866,-1.491311582569115,-0.3849909896093904,0.41885889818225275,-0.4633865149686188,-0.42400529035006185,0.07880483536564868,-0.5492802202064061,-0.36165002956989334,1.338033569406898,-1.5210135938183702,-0.03017626013826931,-0.13798071840266765,-1.190580201485492,0.022645422182824185,0.8930198660934462,0.6488136461454179,-1.244094329477047
0.4331172615944814,0.8414343405494774,0.22643580418408196,-0.7754254541876957,-1.3707555186004328,-0.6037086924992269,0.026768004895649407,-0.3849909896093904,1.3100480432508752,1.3274792433642073,-0.7768284984632817,-1.0713683603929625,-0.31661933261015957,-0.8242405811054389,0.7754254541876962,0.8645985635104106,1.8756928012260952,-0.8640865379657704,-0.5871842760823373,1.3166695469156378,-1.7191040566661766,0.6488136461454179,0.8037975708966928
-1.1636284032699657,-1.5725166364367278,-0.34645680602232437,0.6960111548471402,-0.7987135703060426,-1.4827894242054183,1.634996093987513,-1.690045191675121,-1.3635193919549924,-0.4633865149686188,-0.4945699319727059,-0.1368526388390909,-1.3966698746430255,-0.12915746060991093,-0.6960111548471396,1.9647098681205097,-1.300755634381179,0.046499233251036734,-0.7238462376251578,1.3166695469156378,0.8930198660934462,-1.5412746108855286,0.8037975708966928
-0.8733110096582481,0.4965842009800195,-0.48395103247186183,0.7825662494962483,-1.4851639082593109,-1.1311571315229418,-0.6080802528471007,0.05002707774585293,-1.3635193919549924,0.43204636419779424,-1.0590870649538575,0.5101197837751278,-0.9356726920680218,-0.8429860805794281,-0.7825662494962476,0.268170442015301,-0.6654659472597242,1.0798352113954197,0.10108342943474241,0.022645422182824185,-0.41304209528636526,-1.5412746108855286,0.8037975708966928
0.4331172615944814,-0.882816357297812,-1.4234949132103683,-0.8187030015122497,-0.22667162201165245,-0.7795248388404652,-0.6881290629679357,-0.3849909896093904,0.41885889818225275,1.3274792433642073,-0.7062638568406376,0.22257648483547507,-0.7315041321698998,-0.7680040826834705,0.8187030015122502,-0.5533099096984512,1.2404031141046403,0.23000051142116726,-0.8162594937550544,-1.2713787025499892,-0.41304209528636526,0.6488136461454179,0.8037975708966928
1.3040694424296344,0.15173406141056162,-0.25479398838929934,1.6481171959873282,0.002145157306103638,1.1544527709131558,-1.1265649359122687,1.7900993471668274,1.3100480432508752,-1.358819394135032,-1.6941688395576533,0.006919010630735487,1.0464444533072446,-1.5713826315687318,-1.6481171959873273,-1.020408389354657,-0.03017626013826931,-0.038319135325379214,1.3704651546931037,0.022645422182824185,0.8930198660934462,0.6488136461454179,0.8037975708966928
0.2879585647886226,-1.5725166364367278,-1.1714221647195495,-0.16953979164393965,0.8030038849182499,0.9786366245719176,0.4505425156832122,-1.2550271243198776,0.41885889818225275,0.43204636419779424,0.14051184263108982,-1.5745691335373548,0.5987677661291713,-0.04817690288227654,0.16953979164394012,-0.11558471813991197,0.6051134269831855,-1.5152711206019185,-0.7970917030636228,0.022645422182824185,-0.41304209528636526,0.6488136461454179,-1.244094329477047
-0.8733110096582481,-1.22766649686727,-1.6068205484764182,-1.5976988533542218,0.6885954952593719,-0.6037086924992269,0.0751092467654382,1.3550812798115834,0.41885889818225275,1.3274792433642073,1.1989814669707495,-1.5745691335373548,-0.6973371486767448,1.5564378520912179,1.5976988533542222,-0.34466524617561056,1.2404031141046403,-1.5133105648692504,-0.29250064753381805,-1.2713787025499892,0.8930198660934462,0.6488136461454179,0.8037975708966928
0.2879585647886226,1.1862844801189352,-1.148506460311293,1.3018968173908967,-0.3410800116705305,-0.7795248388404652,0.04429678293498879,0.4850451451010968,0.41885889818225275,0.43204636419779424,-0.14174672385948603,-0.35251011304383045,-0.7147556108497258,-0.2795499249612317,-1.301896817390896,0.14739881529243934,0.6051134269831855,-0.2962667621136555,1.162437700566115,0.022645422182824185,0.8930198660934462,0.6488136461454179,0.8037975708966928
-0.2926762224348128,0.8414343405494774,-0.18604687516453058,1.2586192700663428,-1.1419387392826768,-0.6037086924992269,-0.003530369228447863,0.9200632124563402,-1.3635193919549924,-1.358819394135032,1.6223693167066136,-0.7838250614533097,-0.37430385019600587,1.5322501108344582,-1.258619270066342,0.6448488835937037,-1.9360453215026339,-0.5728676263762906,1.5066320750821924,1.3166695469156378,0.8930198660934462,0.6488136461454179,0.8037975708966928
0.4331172615944814,1.5311346196883933,1.5326309554546884,1.1720641754172345,-1.1419387392826768,1.3302689172543942,-0.5403086613402258,-1.2550271243198776,-1.3635193919549924,1.3274792433642073,0.3522057674990219,1.4446355053289994,1.846550076859075,0.07554339364605363,-1.172064175417234,0.09515485981741692,-0.03017626013826931,1.9549125262203928,-0.714565953924808,-1.2713787025499892,-0.41304209528636526,-1.5412746108855286,0.8037975708966928
1.5943868360413522,-0.882816357297812,0.4555928482666445,0.4796234182243705,1.7182710021892742,-1.4827894242054183,-0.9483789222697127,-0.3849909896093904,0.41885889818225275,-0.4633865149686188,1.4812400334613256,1.7321788042686521,-1.4569335643071781,0.4947609273370901,-0.47962341822436994,-1.396849201419283,-0.03017626013826931,0.8629682246779263,-0.46732564610270505,-1.2713787025499892,-0.41304209528636526,0.6488136461454179,0.8037975708966928
1.5943868360413522,-1.5725166364367278,0.4785085526749007,1.2153417227417886,-1.599572297918189,-1.6586055705466567,-1.0414956966155045,-0.820009056964634,-1.3635193919549924,-0.4633865149686188,1.2695461085933937,-1.5026833088024416,-1.5856787194987771,0.35672588575589514,-1.215341722741788,-0.13117152012680736,-1.300755634381179,-1.3638181902533175,-0.5687666167585035,-1.2713787025499892,-1.7191040566661766,0.6488136461454179,0.8037975708966928
-0.0023588288230951236,1.1862844801189352,-0.6901923721461681,-1.3813111167314518,1.603862612530396,-0.25207639981675034,0.06648318569809078,0.4850451451010968,-0.47233024688636976,0.43204636419779424,-0.07118208223684198,-1.2151400098627887,-0.5405709891199156,-0.13406537319946443,1.381311116731452,-0.6965724496066922,-0.03017626013826931,-1.263570362569692,-0.48338647117309513,0.022645422182824185,-0.41304209528636526,0.6488136461454179,-1.244094329477047
0.4331172615944814,0.4965842009800195,1.5555466598629446,1.1287866280926806,0.23096193662385972,0.627004331889441,-0.6607485331444692,0.4850451451010968,1.3100480432508752,-0.4633865149686188,-1.3413456314444334,1.3727496805940862,0.4765427841952266,-1.274132568481185,-1.12878662809268,-0.7265633978836806,0.6051134269831855,1.1220264390744812,0.5481001546196423,0.022645422182824185,0.8930198660934462,0.6488136461454179,0.8037975708966928
1.4492281392354933,-0.19311607815889628,1.6242937730877134,0.1766805869524922,0.9174122745771279,-0.07626025347551207,0.4872593067950629,0.05002707774585293,0.41885889818225275,0.43204636419779424,0.6344643339895978,-0.5681675872485701,-0.29615063282163334,-0.01992787111682262,-0.1766805869524917,-0.1400572284812662,0.6051134269831855,-0.7070162088762187,0.3692519517958959,1.3166695469156378,0.8930198660934462,0.6488136461454179,-1.244094329477047
0.7234346552061991,-1.5725166364367278,-0.8506023030039619,0.6960111548471402,1.37504583321264,0.0995558928657262,-0.9535695473566005,-0.3849909896093904,-0.47233024688636976,-0.4633865149686188,-1.6941688395576533,1.0852063816544333,-0.23970664249569779,-1.561234692003865,-0.6960111548471396,-1.3144636822866207,-0.6654659472597242,0.4871692118094154,-0.39883705405025677,0.022645422182824185,0.8930198660934462,0.6488136461454179,-1.244094329477047
1.1589107456237755,-0.882816357297812,1.211811093739101,-1.4245886640560055,0.6885954952593719,-1.4827894242054183,1.0735029742625903,0.9200632124563402,-0.47233024688636976,-1.358819394135032,0.28164112587637785,0.6538914332449542,-1.4376217910284386,-0.18643639168555476,1.4245886640560061,0.40510696678526015,-1.300755634381179,0.3403948803683177,0.029064733067091616,0.022645422182824185,-0.41304209528636526,0.6488136461454179,0.8037975708966928
0.7234346552061991,-1.5725166364367278,-1.3776635043938557,0.7392887021716942,-1.4851639082593109,1.6819012099368706,-0.19920523841271118,-0.3849909896093904,1.3100480432508752,-1.358819394135032,-1.2002163481991457,1.6602929795337389,2.5310261208960076,-1.1882979129950229,-0.7392887021716936,0.7175211842887691,-0.03017626013826931,2.4799589151153763,-0.029933616754484766,1.3166695469156378,0.8930198660934462,0.6488136461454179,0.8037975708966928
0.7234346552061991,0.4965842009800195,0.501424257083157,0.003570397654276513,-1.0275303496237986,-0.6037086924992269,0.6178240843146015,1.3550812798115834,-1.3635193919549924,1.3274792433642073,0.21107648425373385,-1.1432541851278757,-0.40122329173606736,-0.122764258684045,-0.003570397654276032,1.1796330893680147,-0.03017626013826931,-0.9950703328673496,1.3638895338918529,-1.2713787025499892,-1.7191040566661766,0.6488136461454179,0.8037975708966928
-1.3087871000758247,1.5311346196883933,0.22643580418408196,-1.4678662113805596,-1.3707555186004328,0.27537203920696446,-1.6618590916647005,-1.2550271243198776,-1.3635193919549924,-1.358819394135032,-0.21231136548213006,-0.1368526388390909,0.7409301564636886,0.27237113812294245,1.4678662113805603,-0.9470051872858976,-1.9360453215026339,0.24642824489544554,-1.455082991178907,0.022645422182824185,-0.41304209528636526,0.6488136461454179,-1.244094329477047
-1.018469706464107,0.4965842009800195,-0.4152039192470931,-0.47248262291581744,-0.3410800116705305,-0.6037086924992269,0.9860040657678212,0.05002707774585293,0.41885889818225275,1.3274792433642073,-0.7768284984632817,-1.4307974840675284,-0.5405709891199156,-0.49979924405562176,0.4724826229158179,0.9794010651710108,1.2404031141046403,-1.3515070535202407,0.18677043025651566,0.022645422182824185,-0.41304209528636526,0.6488136461454179,0.8037975708966928
-0.5829936160465304,1.5311346196883933,-1.5151577308433932,1.6481171959873282,-0.3410800116705305,0.627004331889441,1.4009676112884766,-0.820009056964634,0.41885889818225275,1.3274792433642073,0.14051184263108982,0.29446230957038827,0.6787213629887562,0.28691506012862406,-1.6481171959873273,1.3460230609701673,1.2404031141046403,0.33687741273029576,0.6609109924654035,1.3166695469156378,0.8930198660934462,0.6488136461454179,0.8037975708966928
0.5782759584003403,-0.19311607815889628,0.38684573504187575,1.691394743311882,1.37504583321264,0.4511881855482028,0.5273337900761945,-1.690045191675121,0.41885889818225275,-0.4633865149686188,1.1989814669707495,-1.2151400098627887,0.029487772904918084,0.6850254441111692,-1.6913947433118814,-0.3034395452081288,-0.03017626013826931,-1.2523784200850765,-0.7330629450206182,0.022645422182824185,0.8930198660934462,0.6488136461454179,0.8037975708966928
-1.5991044936875425,1.1862844801189352,1.3722210245968947,1.56156210133822,-0.9131219599649206,1.3302689172543942,-0.601256307330767,0.4850451451010968,-0.47233024688636976,1.3274792433642073,-1.6941688395576533,-0.8557108861882229,1.6973227378869944,-1.483741335326703,-1.5615621013382193,-0.1116085128253794,0.6051134269831855,-0.6969522060970256,0.8132768214431882,1.3166695469156378,0.8930198660934462,0.6488136461454179,0.8037975708966928
0.5782759584003403,-0.19311607815889628,1.6013780686794572,-0.8187030015122497,0.002145157306103638,-0.6037086924992269,-0.4768872212858757,0.9200632124563402,0.41885889818225275,1.3274792433642073,-0.8473931400859257,1.3727496805940862,-0.598632529696519,-0.9017557546059898,0.8187030015122502,-0.4783039576826217,1.2404031141046403,1.224060916986943,-0.16051659677194244,1.3166695469156378,0.8930198660934462,-1.5412746108855286,0.8037975708966928
1.3040694424296344,-0.5379662177283542,-0.5068667368801181,0.34979077625070837,1.7182710021892742,0.0995558928657262,1.039984885724187,-1.690045191675121,0.41885889818225275,0.43204636419779424,-1.1296517065765015,-1.5026833088024416,-0.2982271675827882,-1.1857609281038064,-0.3497907762507078,-0.09839837687578806,0.6051134269831855,-1.4769124214845015,-0.9111515217510103,1.3166695469156378,-1.7191040566661766,-1.5412746108855286,0.8037975708966928
-1.3087871000758247,-1.5725166364367278,-0.9651808250452432,1.4750070066891119,-0.6843051806471646,1.1544527709131558,-0.28144488314045285,-1.690045191675121,-0.47233024688636976,-1.358819394135032,1.5518046750839691,-0.7838250614533097,1.3754598499079973,2.381239828946753,-1.4750070066891112,0.056285734609860624,-1.300755634381179,-0.6612040295584329,-0.9549576310408837,1.3166695469156378,-0.41304209528636526,-1.5412746108855286,0.8037975708966928
-0.5829936160465304,0.8414343405494774,1.2576425025556133,0.8691213441453564,0.5741871056004938,-0.25207639981675034,-0.9634212991407276,-0.820009056964634,-0.47233024688636976,-1.358819394135032,0.28164112587637785,0.941434732184607,-0.3811477760112757,0.42653671138316596,-0.8691213441453558,-1.0879232068612648,-1.300755634381179,0.6170824618608577,-0.6263144508007172,-1.2713787025499892,0.8930198660934462,0.6488136461454179,-1.244094329477047
-1.3087871000758247,-0.5379662177283542,-0.6901923721461681,-0.8619805488368038,1.4894542228715182,-0.9553409851817035,-1.3959549459877452,-1.690045191675121,0.41885889818225275,-1.358819394135032,1.3401107502160374,-1.3589116593326152,-1.0553255428886086,2.1281755860478957,0.8619805488368042,-1.6414210403533949,-0.6654659472597242,-1.3651569279364453,-1.460674660725281,0.022645422182824185,0.8930198660934462,0.6488136461454179,-1.244094329477047
0.7234346552061991,-0.19311607815889628,0.9139069364317696,1.1287866280926806,0.23096193662385972,-0.6037086924992269,-0.28095250566965513,-0.3849909896093904,0.41885889818225275,-0.4633865149686188,-1.0590870649538575,1.4446355053289994,-0.633884179332314,-1.0817445475639251,-1.12878662809268,-0.4209719905301501,-0.03017626013826931,1.1860945996241665,0.08867604542101475,-1.2713787025499892,-0.41304209528636526,0.6488136461454179,-1.244094329477047
-1.5991044936875425,-0.19311607815889628,0.8909912320235133,-1.0783682854595735,0.6885954952593719,-0.9553409851817035,0.9120591954165488,-1.2550271243198776,-0.47233024688636976,1.3274792433642073,-1.4824749146897214,-0.0649668141041777,-0.9934510056174223,-1.2076712521643134,1.078368285459574,0.28386616167963363,0.6051134269831855,-0.25757461809541393,-0.9888652173443518,-1.2713787025499892,0.8930198660934462,-1.5412746108855286,0.8037975708966928
-0.8733110096582481,-0.5379662177283542,-0.00272123989848056,-0.7754254541876957,-1.599572297918189,-1.6586055705466567,-0.18638941627806332,0.05002707774585293,-1.3635193919549924,-0.4633865149686188,-1.4119102730670774,0.6538914332449542,-1.5856787194987771,-1.2178960700592167,0.7754254541876962,0.8320781134610156,-1.300755634381179,1.3270445528334744,-0.43233388933637806,0.022645422182824185,-1.7191040566661766,-1.5412746108855286,-1.244094329477047
0.7234346552061991,-1.22766649686727,1.3493053201886382,0.4796234182243705,-1.4851639082593109,-1.30697327786418,1.654974852671021,0.05002707774585293,1.3100480432508752,-1.358819394135032,-0.7768284984632817,0.22257648483547507,-1.1523413678782735,-0.8686378167017296,-0.47962341822436994,2.7552519597672447,-0.03017626013826931,0.7298042854654306,1.1652165968912793,0.022645422182824185,0.8930198660934462,0.6488136461454179,0.8037975708966928
-0.8733110096582481,-0.19311607815889628,-0.7360237809626806,-0.5590377175649255,-1.1419387392826768,-0.25207639981675034,1.3597837028099855,1.7900993471668274,0.41885889818225275,-1.358819394135032,1.6223693167066136,-0.7119392367183964,0.029487772904918084,2.006329839466965,0.5590377175649259,2.0409664407723875,-0.6654659472597242,-0.4913263311312364,1.6207470382474776,0.022645422182824185,0.8930198660934462,0.6488136461454179,0.8037975708966928
-0.14751752562895395,0.8414343405494774,-0.02563694430673681,1.3884519120400047,0.8030038849182499,0.0995558928657262,-0.4830983214438196,-0.820009056964634,-1.3635193919549924,1.3274792433642073,-1.4119102730670774,0.582005608510041,-0.12938106241347833,-1.288191693086677,-1.388451912040004,-0.8052347363581818,-0.03017626013826931,0.24922903879925692,-0.28194960351684767,-1.2713787025499892,-0.41304209528636526,-1.5412746108855286,0.8037975708966928
1.5943868360413522,1.5311346196883933,0.8909912320235133,1.518284554013666,0.3453703262827378,1.1544527709131558,0.6433436654326488,-1.2550271243198776,1.3100480432508752,-0.4633865149686188,-1.2002163481991457,-0.0649668141041777,0.9079116547385065,-1.2536829326913783,-1.5182845540136654,0.2594012188292579,0.6051134269831855,-0.18518883670243608,-0.24030742436298722,-1.2713787025499892,0.8930198660934462,0.6488136461454179,-1.244094329477047
0.2879585647886226,-0.19311607815889628,-1.4464106176186244,-1.4678662113805596,1.4894542228715182,1.1544527709131558,0.13207374812379322,1.3550812798115834,-1.3635193919549924,1.3274792433642073,-1.3413456314444334,0.8695489074496938,0.5357339869418971,-1.2628852687967913,1.4678662113805603,-0.6137941627940519,-0.03017626013826931,0.29487779914197376,-0.16624819086785758,1.3166695469156378,-0.41304209528636526,-1.5412746108855286,-1.244094329477047
0.5782759584003403,1.1862844801189352,1.0055697540647945,0.9123988914699104,0.11655354696498167,-0.07626025347551207,0.675734118511615,-0.820009056964634,-0.47233024688636976,0.43204636419779424,1.4106753918386812,0.29446230957038827,-0.1320288763354515,0.8491752232888063,-0.9123988914699098,0.4149077207296914,-0.03017626013826931,0.1936205489272196,0.02733018109487211,-1.2713787025499892,0.8930198660934462,0.6488136461454179,-1.244094329477047
0.14279986798276373,-0.19311607815889628,-1.0110122338617558,0.4363458708998164,0.9174122745771279,-0.07626025347551207,0.6303030166008087,0.4850451451010968,0.41885889818225275,-1.358819394135032,-0.9885224233312137,-0.7838250614533097,-0.29615063282163334,-0.953253724544072,-0.4363458708998159,-0.03609972939173653,-0.6654659472597242,-0.880620256817302,0.9868942812433009,1.3166695469156378,0.8930198660934462,0.6488136461454179,0.8037975708966928
0.2879585647886226,1.1862844801189352,1.3034739113721259,1.4317294593645589,-1.3707555186004328,-1.6586055705466567,-0.5474386793384068,0.4850451451010968,1.3100480432508752,-0.4633865149686188,-0.07118208223684198,0.36634813430530144,-1.5856787194987771,-0.22170666944149306,-1.4317294593645582,0.24857446617735507,0.6051134269831855,0.8443977433591769,0.7879126280757959,-1.2713787025499892,-0.41304209528636526,-1.5412746108855286,0.8037975708966928
-1.5991044936875425,0.8414343405494774,1.0055697540647945,-0.1262622443193856,-1.599572297918189,1.1544527709131558,-1.4425311932253715,0.05002707774585293,-0.47233024688636976,-1.358819394135032,1.4106753918386812,1.5884071547988257,1.9676875637893525,2.5652865510550122,0.12626224431938607,-0.5829250670809063,-1.300755634381179,2.493085074837751,-0.6710701273595666,-1.2713787025499892,0.8930198660934462,-1.5412746108855286,0.8037975708966928
-0.14751752562895395,1.1862844801189352,-0.9193494162287307,1.7346722906364362,1.146229053894884,-0.7795248388404652,1.0013497135419023,0.9200632124563402,-1.3635193919549924,1.3274792433642073,-0.3534406487274178,-0.927596710923136,-0.8916618672940644,-0.33920078221596234,-1.7346722906364356,0.12353310768694714,-0.03017626013826931,-1.0162484192712735,2.7749098993476378,0.022645422182824185,0.8930198660934462,0.6488136461454179,-1.244094329477047
-0.0023588288230951236,0.15173406141056162,-0.6672766677379118,-1.5976988533542218,-1.3707555186004328,-0.6037086924992269,-1.1701476962221713,-0.3849909896093904,-0.47233024688636976,0.43204636419779424,-0.7062638568406376,1.4446355053289994,-0.31661933261015957,-0.686205539524244,1.5976988533542222,-0.4194842147115146,-0.03017626013826931,2.125760954352888,-1.1936316541479164,-1.2713787025499892,-1.7191040566661766,0.6488136461454179,0.8037975708966928
-1.3087871000758247,-1.22766649686727,-0.14021546634801807,-0.8187030015122497,-0.22667162201165245,1.1544527709131558,-0.8908071787105302,1.7900993471668274,-0.47233024688636976,0.43204636419779424,-0.7062638568406376,-1.2151400098627887,1.1476799599536303,-0.31811209530772433,0.8187030015122502,-0.7289332617663484,-0.03017626013826931,-1.1499291004182135,-0.008058789654061085,0.022645422182824185,-1.7191040566661766,0.6488136461454179,0.8037975708966928
-1.018469706464107,-0.5379662177283542,-1.675567661701187,0.9123988914699104,0.4597787159416158,1.6819012099368706,1.3663057782126438,-0.820009056964634,0.41885889818225275,0.43204636419779424,0.9872875421028176,0.43823395904021467,1.3244057366423632,1.4468487782432804,-0.9123988914699098,0.75990202760922,0.6051134269831855,0.22286294446337732,0.29795422466894333,-1.2713787025499892,-0.41304209528636526,0.6488136461454179,-1.244094329477047
0.4331172615944814,0.4965842009800195,-0.34645680602232437,-0.039707149670277525,1.37504583321264,-1.6586055705466567,1.384315727407656,-1.690045191675121,-1.3635193919549924,0.43204636419779424,0.06994720100844609,1.5884071547988257,-1.5856787194987771,-0.14940260004181924,0.039707149670278004,0.2816286370166374,-0.6654659472597242,0.8676952562863356,-0.9446411164252806,-1.2713787025499892,-0.41304209528636526,0.6488136461454179,0.8037975708966928
-1.5991044936875425,0.4965842009800195,0.593087074716182,1.4317294593645589,-1.4851639082593109,1.3302689172543942,-1.460088687447218,1.7900993471668274,-1.3635193919549924,-0.4633865149686188,0.7050289756122418,0.006919010630735487,2.097688769275503,1.6450529405137138,-1.4317294593645582,-0.668180787566258,-1.300755634381179,0.4672810910179385,0.8714180391343213,0.022645422182824185,-1.7191040566661766,-1.5412746108855286,0.8037975708966928
0.4331172615944814,1.5311346196883933,0.043110168918031946,-0.6888703595385877,0.5741871056004938,-0.07626025347551207,1.6973053072657225,0.4850451451010968,-0.47233024688636976,0.43204636419779424,-0.0006174406141979493,-0.7838250614533097,-0.2305814080753379,-0.2056390984637876,0.688870359538588,0.9440921626394826,-0.03017626013826931,-0.8423685174404533,0.6502225771889513,1.3166695469156378,-0.41304209528636526,0.6488136461454179,0.8037975708966928
1.4492281392354933,1.1862844801189352,-1.3547477999855995,-0.1262622443193856,0.4597787159416158,-0.7795248388404652,1.0243520761250318,0.05002707774585293,0.41885889818225275,-1.358819394135032,0.21107648425373385,0.6538914332449542,-0.8198670205142665,-0.30241818877136123,0.12626224431938607,0.49424698500069936,-0.6654659472597242,0.4084396853659147,0.4310046888283374,-1.2713787025499892,0.8930198660934462,0.6488136461454179,-1.244094329477047
0.14279986798276373,1.1862844801189352,-0.04855264871499306,-0.2560948862930477,-0.5698967909882866,-1.30697327786418,-0.3629939386986261,-0.820009056964634,1.3100480432508752,0.43204636419779424,-1.2707809898217894,0.006919010630735487,-1.2230903232448864,-1.1914318355077023,0.25609488629304816,-0.08694023486523057,1.2404031141046403,0.12439365337223487,-0.7479754105610932,1.3166695469156378,-1.7191040566661766,0.6488136461454179,-1.244094329477047
-0.8733110096582481,0.15173406141056162,-0.02563694430673681,0.9123988914699104,0.4597787159416158,-1.4827894242054183,1.0380580999174094,-0.3849909896093904,1.3100480432508752,-0.4633865149686188,-1.4824749146897214,0.36634813430530144,-1.432516379701875,-1.2928780679551746,-0.9123988914699098,0.5048948426268306,0.6051134269831855,0.16100403082919806,0.6475489016657591,0.022645422182824185,0.8930198660934462,-1.5412746108855286,-1.244094329477047
-0.8733110096582481,1.5311346196883933,-1.3547477999855995,1.691394743311882,1.2606374435537622,1.3302689172543942,-0.30616041114829273,-0.3849909896093904,0.41885889818225275,-0.4633865149686188,-1.2707809898217894,0.07880483536564868,0.7376761580357691,-1.0679320742673013,-1.6913947433118814,-0.8353214055100348,-0.03017626013826931,-0.25297485272261605,0.30095833064659705,0.022645422182824185,0.8930198660934462,0.6488136461454179,0.8037975708966928
0.5782759584003403,-0.882816357297812,0.501424257083157,-0.08298469699483156,-0.6843051806471646,-1.30697327786418,1.3646640530468543,1.3550812798115834,-1.3635193919549924,1.3274792433642073,0.14051184263108982,0.6538914332449542,-1.2155363983229304,-0.13572345177701658,0.08298469699483203,1.6015262367635346,-0.03017626013826931,0.833719716600896,1.7922778356425708,-1.2713787025499892,0.8930198660934462,-1.5412746108855286,0.8037975708966928
0.4331172615944814,1.5311346196883933,0.38684573504187575,1.6481171959873282,0.23096193662385972,0.27537203920696446,0.3283796729285242,-0.3849909896093904,-0.47233024688636976,-1.358819394135032,-0.5651345735953498,0.5101197837751278,0.1592779374730721,-0.6555310858395339,-1.6481171959873273,0.06930875106069875,-1.300755634381179,0.35320851247825474,0.6473058279032503,1.3166695469156378,0.8930198660934462,-1.5412746108855286,0.8037975708966928
1.4492281392354933,0.4965842009800195,-0.43811962365534934,1.3018968173908967,0.4597787159416158,-0.07626025347551207,1.5511833627741216,0.9200632124563402,-0.47233024688636976,-0.4633865149686188,0.7755936172348858,0.7257772579798675,-0.20721766132665795,0.07423556810135683,-1.301896817390896,0.9035286715209627,-0.6654659472597242,0.4702985990000935,2.864930115420102,1.3166695469156378,-1.7191040566661766,0.6488136461454179,0.8037975708966928
-0.7281523128523893,0.15173406141056162,-1.0797593470865243,-1.0350907381350194,1.031820664236006,1.3302689172543942,-1.5539688920108898,0.05002707774585293,1.3100480432508752,-1.358819394135032,-1.6941688395576533,0.15069066010056187,0.8114334557352783,-1.5231799186356159,1.0350907381350198,-1.649935680279342,-0.03017626013826931,-0.15221808741370904,-1.003455275291791,1.3166695469156378,0.8930198660934462,0.6488136461454179,-1.244094329477047
-1.018469706464107,-1.5725166364367278,-1.217253573536062,-0.7754254541876957,-0.7987135703060426,1.1544527709131558,1.1799923845257958,-0.820009056964634,1.3100480432508752,0.43204636419779424,0.21107648425373385,1.4446355053289994,1.4384627981932478,0.5903236484317631,0.7754254541876962,1.5284996575919398,1.2404031141046403,1.7259029310640701,-0.5427898869789267,0.022645422182824185,0.8930198660934462,0.6488136461454179,-1.244094329477047
-0.2926762224348128,-1.5725166364367278,0.501424257083157,-1.2947560220823437,-0.3410800116705305,-0.6037086924992269,-0.04874224759962443,0.05002707774585293,-1.3635193919549924,-0.4633865149686188,0.9872875421028176,1.4446355053289994,-0.5405709891199156,0.9444879982951764,1.294756022082344,0.06519844991089573,-1.300755634381179,1.46246705689732,-0.6506406422123724,1.3166695469156378,0.8930198660934462,0.6488136461454179,0.8037975708966928
0.4331172615944814,1.1862844801189352,0.7076655967574632,-1.5111437587051137,0.5741871056004938,0.0995558928657262,-0.49445802300693326,0.4850451451010968,-1.3635193919549924,-0.4633865149686188,-0.6356992152179938,-0.49628176251365685,-0.08001504013940035,-0.7117675842615023,1.5111437587051142,-0.729772699198877,-1.300755634381179,-0.5991266875569013,-0.7330900410479837,1.3166695469156378,0.8930198660934462,-1.5412746108855286,0.8037975708966928
-0.2926762224348128,-1.5725166364367278,-1.148506460311293,-1.2514784747577896,1.146229053894884,1.1544527709131558,-1.6868022479485136,-0.3849909896093904,-1.3635193919549924,1.3274792433642073,-0.3534406487274178,0.7257772579798675,0.6351752075563037,-0.2963431281766397,1.25147847475779,-1.769039672061715,-0.03017626013826931,0.27312331179114774,-1.2154187732302624,0.022645422182824185,0.8930198660934462,0.6488136461454179,0.8037975708966928
0.7234346552061991,-0.882816357297812,0.08894157773454445,-0.9485356434859119,-1.4851639082593109,-0.7795248388404652,-1.1806038886283445,-0.3849909896093904,1.3100480432508752,-1.358819394135032,-0.5651345735953498,-1.3589116593326152,-0.5023353404475183,-0.7088077685550829,0.9485356434859122,-0.36102897498328573,-0.03017626013826931,-1.1953658071495101,-1.0001340494537505,1.3166695469156378,0.8930198660934462,-1.5412746108855286,0.8037975708966928
1.3040694424296344,0.8414343405494774,-0.8276865985957056,-0.5590377175649255,0.11655354696498167,1.3302689172543942,0.14546109232980803,-1.690045191675121,1.3100480432508752,0.43204636419779424,1.0578521837254613,0.36634813430530144,1.1601043175875045,0.3085231728227791,0.5590377175649259,-0.019518063986962625,1.2404031141046403,0.25885358512326306,-1.2277686673897374,-1.2713787025499892,-1.7191040566661766,0.6488136461454179,0.8037975708966928
-1.4539457968816836,1.1862844801189352,0.5701713703079258,-0.29937243361760174,1.2606374435537622,0.27537203920696446,-1.294598728446413,-0.3849909896093904,-0.47233024688636976,-1.358819394135032,-1.6941688395576533,1.4446355053289994,-0.08233144579995309,-1.4917433667227145,0.2993724336176022,-1.5205176338654025,-1.300755634381179,0.7957716522753133,-0.8446906839073365,1.3166695469156378,0.8930198660934462,0.6488136461454179,0.8037975708966928
0.4331172615944814,1.5311346196883933,0.9139069364317696,1.0422315334435726,-0.5698967909882866,1.1544527709131558,0.4792425891126288,0.05002707774585293,1.3100480432508752,-0.4633865149686188,0.7050289756122418,-0.49628176251365685,1.3150284505323486,0.35672588575589514,-1.042231533443572,0.6875514162595232,0.6051134269831855,-0.3881516310252493,0.8735190201374714,-1.2713787025499892,0.8930198660934462,0.6488136461454179,-1.244094329477047
-0.14751752562895395,-1.5725166364367278,-0.43811962365534934,-0.6023152648894795,0.9174122745771279,-0.7795248388404652,0.6003338279835037,-0.3849909896093904,0.41885889818225275,1.3274792433642073,-0.6356992152179938,1.3727496805940862,-0.869274226900364,-0.5922650251148197,0.60231526488948,-0.05787993841056284,1.2404031141046403,0.8554202225935317,-0.32872706105416827,0.022645422182824185,0.8930198660934462,0.6488136461454179,0.8037975708966928
1.5943868360413522,-0.882816357297812,-1.033927938270012,-0.5157601702403715,-1.2563471289415549,-0.9553409851817035,0.24905156894915564,0.05002707774585293,-0.47233024688636976,0.43204636419779424,-0.21231136548213006,-0.20873846357400408,-0.7593144675713053,-0.6095194053124691,0.5157601702403719,1.0009688045097627,-0.03017626013826931,0.11928522861079811,-0.1318613209362964,0.022645422182824185,0.8930198660934462,0.6488136461454179,0.8037975708966928
0.7234346552061991,-0.882816357297812,-0.5756138501048869,0.7392887021716942,1.603862612530396,-0.42789254615798866,1.296033077248843,0.9200632124563402,1.3100480432508752,0.43204636419779424,-0.3534406487274178,-1.0713683603929625,-0.6712094554172733,-0.5489777204084361,-0.7392887021716936,0.1181618325506348,1.2404031141046403,-1.1580463334290334,2.1233094200821654,-1.2713787025499892,-0.41304209528636526,0.6488136461454179,0.8037975708966928
-0.43783491924067164,-0.882816357297812,-1.5609891396599058,-0.2560948862930477,1.031820664236006,0.4511881855482028,-1.5922587696083903,1.3550812798115834,-1.3635193919549924,-1.358819394135032,-1.5530395563123653,-1.0713683603929625,0.10640046301937962,-1.3978528650095152,0.25609488629304816,-1.6773212749692366,-1.9360453215026339,-1.1203591801645125,-0.29468547677096163,1.3166695469156378,-0.41304209528636526,0.6488136461454179,-1.244094329477047
-0.2926762224348128,0.8414343405494774,-0.1631311707562743,-0.6023152648894795,-1.3707555186004328,0.4511881855482028,0.3723721641351789,-1.2550271243198776,1.3100480432508752,-1.358819394135032,1.4106753918386812,1.6602929795337389,0.952440054278458,1.3363294066546971,0.60231526488948,1.2353718339645368,-0.03017626013826931,2.3820335965516297,-0.9382267049100187,0.022645422182824185,0.8930198660934462,0.6488136461454179,-1.244094329477047
-1.3087871000758247,-0.882816357297812,-0.7360237809626806,-0.039707149670277525,0.23096193662385972,-1.30697327786418,0.37473809741591124,-0.3849909896093904,-0.47233024688636976,-0.4633865149686188,0.21107648425373385,-0.2806242883089173,-1.2684138727766228,0.7784996239206572,0.039707149670278004,0.10660965774996761,-0.6654659472597242,-0.35154125356828614,-0.13194972748952025,-1.2713787025499892,0.8930198660934462,-1.5412746108855286,0.8037975708966928
0.4331172615944814,0.8414343405494774,-1.0797593470865243,0.9989539861190184,0.3453703262827378,-0.9553409851817035,-1.1004689299599875,0.4850451451010968,0.41885889818225275,-1.358819394135032,0.8461582588575295,0.36634813430530144,-0.9622811259394562,0.4691988825998316,-0.9989539861190179,-1.1190890423164286,-0.6654659472597242,0.19247610969571036,0.17503284126527133,0.022645422182824185,0.8930198660934462,0.6488136461454179,0.8037975708966928
1.1589107456237755,-0.19311607815889628,-1.583904844068162,-0.8619805488368038,0.002145157306103638,0.27537203920696446,-1.4007694591232556,-0.820009056964634,0.41885889818225275,-1.358819394135032,0.49333505074430967,0.582005608510041,0.22390596180536274,-0.038301225110613804,0.8619805488368042,-1.2492102766145199,-0.6654659472597242,0.49320930775349325,-1.1788628027674752,0.022645422182824185,0.8930198660934462,-1.5412746108855286,-1.244094329477047
-1.018469706464107,0.4965842009800195,-1.125590755903037,1.7346722906364362,0.002145157306103638,1.6819012099368706,0.4980839068109653,0.9200632124563402,-0.47233024688636976,1.3274792433642073,1.4106753918386812,0.43823395904021467,1.539967548208374,1.9140443035950163,-1.7346722906364356,0.33523198082117006,0.6051134269831855,0.36032719698377536,2.3055218710981795,-1.2713787025499892,-0.41304209528636526,0.6488136461454179,0.8037975708966928
0.5782759584003403,-1.22766649686727,1.418052433413407,-0.9052580961613579,-1.599572297918189,-0.6037086924992269,0.8373144743232407,-0.820009056964634,0.41885889818225275,1.3274792433642073,-1.0590870649538575,-1.646454958272268,-0.25316636326572867,-1.0659055337836267,0.9052580961613582,1.9852475149709758,1.2404031141046403,-1.543209039792437,-0.6797343181569038,1.3166695469156378,0.8930198660934462,0.6488136461454179,-1.244094329477047
0.14279986798276373,0.4965842009800195,1.6242937730877134,-0.16953979164393965,0.4597787159416158,-1.6586055705466567,0.856176103467741,-0.3849909896093904,-1.3635193919549924,1.3274792433642073,-1.4119102730670774,-0.9994825356580492,-1.5856787194987771,-1.3105208909895174,0.16953979164394012,0.3635953941296187,-0.03017626013826931,-1.0143153282202053,-0.017060114921949327,1.3166695469156378,0.8930198660934462,-1.5412746108855286,-1.244094329477047
-0.0023588288230951236,1.1862844801189352,1.211811093739101,-0.42920507559126386,-1.4851639082593109,-0.25207639981675034,1.198728643019837,-1.690045191675121,-0.47233024688636976,-0.4633865149686188,-1.4824749146897214,0.8695489074496938,0.14767068698323726,-1.3610435205878633,0.4292050755912643,2.2538406097736057,-0.6654659472597242,1.5173738688079064,-1.061920019741798,1.3166695469156378,0.8930198660934462,0.6488136461454179,-1.244094329477047
1.5943868360413522,-0.19311607815889628,-0.02563694430673681,-1.0350907381350194,-1.599572297918189,0.0995558928657262,-0.5985282699925631,-1.2550271243198776,0.41885889818225275,1.3274792433642073,1.1989814669707495,1.8040646290035653,0.6351752075563037,0.3107142052288299,1.0350907381350198,0.3678169929940525,1.2404031141046403,2.762171349146431,-1.219078418074997,-1.2713787025499892,0.8930198660934462,0.6488136461454179,0.8037975708966928
0.5782759584003403,0.8414343405494774,-1.2630849823525745,-0.5590377175649255,-0.45548840132940854,-0.42789254615798866,0.4073652839018898,0.4850451451010968,1.3100480432508752,1.3274792433642073,0.9167229004801736,0.22257648483547507,-0.34200052034793177,0.46615907187431965,0.5590377175649259,0.5432805842958964,1.8756928012260952,0.3045167104604938,0.18035356700640304,0.022645422182824185,-0.41304209528636526,0.6488136461454179,0.8037975708966928
-0.14751752562895395,-0.5379662177283542,0.1118572821428007,-1.5544213060296677,-0.6843051806471646,1.5060850635956324,0.16170324531387645,0.9200632124563402,1.3100480432508752,-1.358819394135032,-0.0006174406141979493,1.2289780311242597,1.7456021710838443,-0.02287047859239079,1.5544213060296683,0.47227912452929305,-0.03017626013826931,1.4316892150646277,-0.39383884706394306,0.022645422182824185,0.8930198660934462,0.6488136461454179,0.8037975708966928
-0.7281523128523893,1.1862844801189352,-1.3089163911690869,0.5229009655489245,-0.45548840132940854,0.0995558928657262,1.210242431415917,0.9200632124563402,1.3100480432508752,0.43204636419779424,-0.6356992152179938,-0.4243959377787437,0.19100442214528765,-0.4386188776405135,-0.522900965548924,1.266812744863106,1.2404031141046403,-0.3412903478803365,1.860719524285007,1.3166695469156378,-0.41304209528636526,0.6488136461454179,0.8037975708966928
1.0137520488179168,-1.5725166364367278,-1.492242026435137,1.3451743647154508,0.3453703262827378,1.3302689172543942,-0.5226601158079897,-1.690045191675121,-1.3635193919549924,0.43204636419779424,0.3522057674990219,-1.4307974840675284,1.0637610531283368,-0.09878975146204803,-1.3451743647154502,-0.6623290526150543,-0.6654659472597242,-1.381127833629899,-1.0278856568572943,0.022645422182824185,0.8930198660934462,0.6488136461454179,0.8037975708966928
-1.1636284032699657,0.4965842009800195,-0.09438405753150557,-0.6023152648894795,-0.3410800116705305,0.27537203920696446,0.045445430235285134,-0.3849909896093904,1.3100480432508752,1.3274792433642073,-1.3413456314444334,0.582005608510041,0.3303521195291359,-1.1009241533415228,0.60231526488948,0.14841364989718872,1.8756928012260952,0.6182748237720516,-0.5054067562095234,0.022645422182824185,0.8930198660934462,0.6488136461454179,0.8037975708966928
-0.8733110096582481,-0.5379662177283542,0.6618341879409507,0.8258437968208023,0.8030038849182499,0.627004331889441,1.237003812328736,-0.3849909896093904,-1.3635193919549924,1.3274792433642073,-0.7062638568406376,-1.4307974840675284,0.30750823471211136,-0.46807609109963966,-0.8258437968208017,0.4653485765396063,-0.03017626013826931,-1.39763777664184,0.6952314116679814,-1.2713787025499892,0.8930198660934462,-1.5412746108855286,-1.244094329477047
-0.14751752562895395,-1.5725166364367278,-0.7818551897791931,1.0855090807681265,-1.1419387392826768,0.4511881855482028,0.6995370322314755,-1.2550271243198776,-0.47233024688636976,-1.358819394135032,1.5518046750839691,-1.5026833088024416,0.8370710191067655,1.3689828573513239,-1.085509080768126,1.3648331947587409,-1.300755634381179,-1.3882805788268338,-0.35499856374510363,0.022645422182824185,-1.7191040566661766,0.6488136461454179,-1.244094329477047
0.7234346552061991,0.4965842009800195,0.5472556658996695,-0.6023152648894795,0.3453703262827378,0.4511881855482028,1.1514295884566583,-1.2550271243198776,0.41885889818225275,0.43204636419779424,-0.07118208223684198,-1.646454958272268,0.2845140611791856,-0.3358709895462407,0.60231526488948,0.6610450070232033,0.6051134269831855,-1.5699603068289723,-0.7893928542154961,-1.2713787025499892,0.8930198660934462,-1.5412746108855286,-1.244094329477047
0.2879585647886226,0.15173406141056162,1.0972325716978195,1.1720641754172345,-0.5698967909882866,1.1544527709131558,1.3646346364696518,-1.2550271243198776,1.3100480432508752,-0.4633865149686188,1.4812400334613256,-0.6400534119834832,1.3150284505323486,1.0508449519927607,-1.172064175417234,1.5017273941552933,0.6051134269831855,-0.534593140853102,-0.12108496845636477,-1.2713787025499892,0.8930198660934462,0.6488136461454179,-1.244094329477047
1.0137520488179168,-1.5725166364367278,0.22643580418408196,-0.8619805488368038,-1.4851639082593109,1.3302689172543942,0.12967489629238163,-1.2550271243198776,-0.47233024688636976,-0.4633865149686188,-0.3534406487274178,0.7976630827147806,2.097688769275503,-0.6049182372597625,0.8619805488368042,1.0789581208381054,-0.6654659472597242,1.429866137325409,-1.054654646261157,-1.2713787025499892,0.8930198660934462,0.6488136461454179,0.8037975708966928
-0.43783491924067164,1.5311346196883933,0.06602587332628819,-0.38592752826670984,-0.3410800116705305,-0.7795248388404652,0.8039728852480534,1.7900993471668274,0.41885889818225275,-0.4633865149686188,1.3401107502160374,0.8695489074496938,-0.7147556108497258,1.3689828573513239,0.3859275282667103,0.8185757699849013,-0.03017626013826931,0.8996722348138079,1.4434733652079996,0.022645422182824185,0.8930198660934462,0.6488136461454179,0.8037975708966928
-0.7281523128523893,0.15173406141056162,0.1118572821428007,1.1287866280926806,0.11655354696498167,1.5060850635956324,-0.2869247712365008,-0.3849909896093904,1.3100480432508752,1.3274792433642073,0.8461582588575295,-1.5026833088024416,1.3216209668278742,1.07976657975263,-1.12878662809268,-0.37374986308997826,1.8756928012260952,-1.4372053559738662,0.08560422339138148,1.3166695469156378,-1.7191040566661766,0.6488136461454179,-1.244094329477047
1.4492281392354933,0.4965842009800195,1.0514011628813071,0.7825662494962483,-1.599572297918189,1.5060850635956324,0.36134655084172457,0.4850451451010968,-1.3635193919549924,-0.4633865149686188,1.4812400334613256,-0.6400534119834832,2.4118583492003687,0.545052764192254,-0.7825662494962476,1.4490850069465884,-1.300755634381179,-0.28747309301860063,1.0534158511598586,-1.2713787025499892,-0.41304209528636526,0.6488136461454179,0.8037975708966928
-1.3087871000758247,-0.882816357297812,-0.20896257957278683,0.21995813427704622,0.002145157306103638,-1.4827894242054183,-0.5349800584983633,0.9200632124563402,0.41885889818225275,1.3274792433642073,0.49333505074430967,0.36634813430530144,-1.4211710211984008,1.1159186144524664,-0.21995813427704572,-0.5267778144769888,1.2404031141046403,0.2938861415989164,0.43447033440623617,-1.2713787025499892,-0.41304209528636526,0.6488136461454179,0.8037975708966928
-0.8733110096582481,0.15173406141056162,0.13477298655105696,1.56156210133822,0.3453703262827378,0.0995558928657262,-1.0140542324535466,0.9200632124563402,1.3100480432508752,-0.4633865149686188,-0.42400529035006185,0.29446230957038827,-0.027184735600474862,-0.16814809951580897,-1.5615621013382193,-1.0507779065629572,0.6051134269831855,0.12953195196268577,0.8064763381984694,0.022645422182824185,0.8930198660934462,0.6488136461454179,0.8037975708966928
0.14279986798276373,-1.5725166364367278,0.7305813011657195,-0.9485356434859119,-0.22667162201165245,1.6819012099368706,1.7246487161703379,0.9200632124563402,1.3100480432508752,-1.358819394135032,0.3522057674990219,-0.927596710923136,1.6601847123509563,0.17809230253317246,0.9485356434859122,1.5373949491594243,-0.03017626013826931,-0.8739431780503374,0.7438607126393739,1.3166695469156378,0.8930198660934462,0.6488136461454179,-1.244094329477047
-1.018469706464107,0.4965842009800195,-0.5526981456966306,0.4796234182243705,1.37504583321264,0.4511881855482028,0.25339121448125085,0.4850451451010968,1.3100480432508752,1.3274792433642073,-1.4119102730670774,0.43823395904021467,0.029487772904918084,-1.2005925320832265,-0.47962341822436994,-0.4904622556708274,1.8756928012260952,-0.002078559660910599,0.7849374529810885,-1.2713787025499892,-0.41304209528636526,-1.5412746108855286,0.8037975708966928
0.2879585647886226,0.8414343405494774,1.418052433413407,1.2153417227417886,-1.3707555186004328,1.6819012099368706,0.9516069818868128,-0.3849909896093904,-0.47233024688636976,1.3274792433642073,0.5638996923669537,-0.5681675872485701,2.433009338981846,0.29888263023615624,-1.215341722741788,1.8567902457430385,0.6051134269831855,-0.26611703950203885,0.7696163848648607,0.022645422182824185,0.8930198660934462,0.6488136461454179,0.8037975708966928
-1.5991044936875425,-0.5379662177283542,1.0284854584730507,1.1287866280926806,-1.599572297918189,-1.1311571315229418,0.0900521675897202,-0.820009056964634,-1.3635193919549924,-1.358819394135032,0.06994720100844609,0.43823395904021467,-0.919422541382253,0.8168426910265448,-1.12878662809268,1.1434806379097895,-1.9360453215026339,1.0579582785247954,-0.12511873308047863,-1.2713787025499892,0.8930198660934462,-1.5412746108855286,-1.244094329477047
0.14279986798276373,-0.882816357297812,1.1201482761060757,1.3884519120400047,1.146229053894884,-0.7795248388404652,1.282943400788332,0.05002707774585293,1.3100480432508752,1.3274792433642073,0.42277040912166597,0.15069066010056187,-0.8916618672940644,0.23763683027407984,-1.388451912040004,0.3217869843525246,1.8756928012260952,-0.17535381205665096,1.601194710133649,1.3166695469156378,-0.41304209528636526,0.6488136461454179,0.8037975708966928
1.3040694424296344,-0.5379662177283542,0.20352009977582572,-1.2947560220823437,-0.3410800116705305,-0.07626025347551207,-0.17782498994390253,-0.3849909896093904,-1.3635193919549924,0.43204636419779424,-0.3534406487274178,0.36634813430530144,-0.01801712393048466,-0.6555310858395339,1.294756022082344,-0.04884668280578536,-0.6654659472597242,0.4072267654907345,-0.8637840854089716,-1.2713787025499892,0.8930198660934462,-1.5412746108855286,0.8037975708966928
1.4492281392354933,1.5311346196883933,-1.148506460311293,-1.4678662113805596,-1.0275303496237986,-0.07626025347551207,-0.6685922533371637,0.9200632124563402,-0.47233024688636976,1.3274792433642073,-1.3413456314444334,0.43823395904021467,0.19100442214528765,-1.3382160201713351,1.4678662113805603,-0.10846157403111188,0.6051134269831855,0.7589735292929295,-0.6239009061978595,0.022645422182824185,-1.7191040566661766,-1.5412746108855286,0.8037975708966928
-0.14751752562895395,0.8414343405494774,1.3034739113721259,-0.5590377175649255,1.603862612530396,0.9786366245719176,-1.3046381860088812,-0.3849909896093904,-1.3635193919549924,-0.4633865149686188,-1.4824749146897214,0.582005608510041,0.3738982749615883,-1.3514577538113914,0.5590377175649259,-1.6051159696417545,-1.300755634381179,0.05548000168853953,-0.9228455682606778,0.022645422182824185,0.8930198660934462,0.6488136461454179,-1.244094329477047
-1.5991044936875425,0.4965842009800195,-1.5380734352516494,1.2586192700663428,-1.1419387392826768,0.8028204782306794,-0.06623740669358928,0.9200632124563402,1.3100480432508752,-1.358819394135032,-0.9885224233312137,-1.287025834597702,1.2408626422076894,-0.5635077247854041,-1.258619270066342,0.5806330159815947,-0.03017626013826931,-1.143656693091671,1.453552472567223,0.022645422182824185,0.8930198660934462,0.6488136461454179,-1.244094329477047
0.7234346552061991,-0.882816357297812,0.20352009977582572,0.4363458708998164,0.4597787159416158,0.8028204782306794,1.160417053186782,0.9200632124563402,-0.47233024688636976,-1.358819394135032,0.7050289756122418,0.36634813430530144,0.5585940376578528,0.2501725203247973,-0.4363458708998159,0.5999523686774801,-1.300755634381179,0.16100403082919806,1.7467478417944118,0.022645422182824185,-0.41304209528636526,-1.5412746108855286,0.8037975708966928
-1.018469706464107,0.15173406141056162,-1.4693263220268806,1.1720641754172345,1.7182710021892742,-1.1311571315229418,1.0713184432079415,-1.2550271243198776,1.3100480432508752,0.43204636419779424,0.14051184263108982,-1.4307974840675284,-1.1994432539239805,0.512457727539807,-1.172064175417234,-0.0779367876097322,1.2404031141046403,-1.424915073792003,-0.21246699732354926,1.3166695469156378,0.8930198660934462,0.6488136461454179,-1.244094329477047
-1.5991044936875425,1.1862844801189352,1.1430639805143321,-1.2082009274332357,-0.1122632323527744,1.3302689172543942,-0.31677209117682315,1.3550812798115834,1.3100480432508752,0.43204636419779424,0.28164112587637785,-1.5026833088024416,1.2637187718171756,1.0929127741889342,1.208200927433236,-0.2891800193914219,1.2404031141046403,-1.4298204839516728,-0.1577747914279171,0.022645422182824185,0.8930198660934462,0.6488136461454179,0.8037975708966928
0.5782759584003403,0.8414343405494774,0.9826540496565382,-1.4678662113805596,1.2606374435537622,-0.9553409851817035,0.25692470571905274,-0.820009056964634,-0.47233024688636976,-1.358819394135032,0.5638996923669537,-1.2151400098627887,-1.0390069836082958,0.19257610657825772,1.4678662113805603,-0.4449846575628389,-1.300755634381179,-1.24652417324697,-1.0205373827625395,1.3166695469156378,0.8930198660934462,0.6488136461454179,0.8037975708966928
0.5782759584003403,-0.19311607815889628,0.7534970055739758,0.4363458708998164,-0.5698967909882866,1.3302689172543942,1.6181614070912185,1.3550812798115834,0.41885889818225275,-0.4633865149686188,0.28164112587637785,-1.287025834597702,1.4963226486592942,-0.02629026565859153,-0.4363458708998159,1.7348618649354868,-0.03017626013826931,-1.1935799350784386,2.5422551954536865,1.3166695469156378,-0.41304209528636526,-1.5412746108855286,-1.244094329477047
1.5943868360413522,-0.882816357297812,-0.8964337118204744,1.518284554013666,1.603862612530396,1.6819012099368706,0.6389781052968273,-0.820009056964634,-0.47233024688636976,1.3274792433642073,-0.5651345735953498,0.006919010630735487,0.8964521401510193,-0.8395778079477938,-1.5182845540136654,-0.3172212410357955,0.6051134269831855,-0.3666161148740944,0.2588396928835014,1.3166695469156378,-0.41304209528636526,0.6488136461454179,0.8037975708966928
1.5943868360413522,-1.5725166364367278,1.211811093739101,0.5661785128734785,-0.9131219599649206,-0.7795248388404652,-1.3063058257783968,1.3550812798115834,1.3100480432508752,1.3274792433642073,-0.7062638568406376,1.7321788042686521,-0.6200900555617855,-0.9316011690019236,-0.566178512873478,-0.8022307155318026,1.8756928012260952,2.110904569297888,0.314394226007409,0.022645422182824185,-1.7191040566661766,0.6488136461454179,0.8037975708966928
-1.1636284032699657,0.4965842009800195,0.9826540496565382,0.6527336075225861,1.37504583321264,1.1544527709131558,1.6217943543757534,0.05002707774585293,1.3100480432508752,-1.358819394135032,-1.2707809898217894,1.8040646290035653,0.5678766037061499,-1.0199435956138885,-0.6527336075225856,0.4437571283476262,-0.03017626013826931,1.0307778467764441,1.276163218722199,-1.2713787025499892,0.8930198660934462,0.6488136461454179,0.8037975708966928
-1.1636284032699657,-0.19311607815889628,-0.9422651206369869,-0.2560948862930477,-0.5698967909882866,1.3302689172543942,1.2524706283851044,-1.2550271243198776,0.41885889818225275,-1.358819394135032,-0.9885224233312137,1.2289780311242597,1.4963226486592942,-0.6960213647033512,0.25609488629304816,1.3985852423372964,-0.6654659472597242,1.3691464869089824,-0.6502729972636816,0.022645422182824185,-0.41304209528636526,0.6488136461454179,-1.244094329477047
-0.14751752562895395,0.4965842009800195,-0.6214452589213993,-1.5976988533542218,-0.22667162201165245,-0.9553409851817035,-1.0183854732492983,-1.2550271243198776,0.41885889818225275,1.3274792433642073,1.1989814669707495,1.300863855859173,-0.9023390496356753,1.0526525537277525,1.5976988533542222,-0.8394815943078832,1.2404031141046403,1.2649477203007027,-1.3948848104915998,-1.2713787025499892,0.8930198660934462,-1.5412746108855286,0.8037975708966928
-0.43783491924067164,-0.5379662177283542,0.6160027791244382,0.8691213441453564,0.9174122745771279,1.1544527709131558,-0.42399971744887743,0.9200632124563402,-0.47233024688636976,-1.358819394135032,1.3401107502160374,1.300863855859173,0.706815656816145,1.3689828573513239,-0.8691213441453558,-0.8023178012237663,-1.300755634381179,0.7975522066131703,0.9095244406050125,-1.2713787025499892,-1.7191040566661766,0.6488136461454179,-1.244094329477047
1.0137520488179168,1.1862844801189352,0.501424257083157,1.518284554013666,-1.2563471289415549,-1.4827894242054183,-1.3049554648058534,-0.820009056964634,-1.3635193919549924,1.3274792433642073,-1.5530395563123653,1.2289780311242597,-1.379087656516909,-1.4653366631158773,-1.5182845540136654,-0.6274393641343642,-0.03017626013826931,1.7880373173467934,-0.6096084653937848,0.022645422182824185,-1.7191040566661766,-1.5412746108855286,-1.244094329477047
-1.5991044936875425,-1.5725166364367278,-0.07146835312324931,-0.29937243361760174,0.5741871056004938,-1.4827894242054183,-0.237708736392279,1.7900993471668274,1.3100480432508752,-0.4633865149686188,0.28164112587637785,-1.2151400098627887,-1.4351123515628395,1.0929127741889342,0.2993724336176022,-0.533691487678255,0.6051134269831855,-1.2072312622657808,0.7997393852843234,1.3166695469156378,0.8930198660934462,0.6488136461454179,-1.244094329477047
-0.8733110096582481,0.8414343405494774,-1.4464106176186244,-1.0350907381350194,1.146229053894884,-0.25207639981675034,0.4361599106151723,0.4850451451010968,1.3100480432508752,-1.358819394135032,1.0578521837254613,-0.8557108861882229,-0.4752517559712367,1.4064738562993029,1.0350907381350198,-0.27438444003144047,-0.03017626013826931,-0.9601887787902986,-0.12944430904650917,0.022645422182824185,-1.7191040566661766,0.6488136461454179,-1.244094329477047
0.4331172615944814,-0.19311607815889628,1.6013780686794572,0.5229009655489245,-1.0275303496237986,-0.6037086924992269,-1.4689689917889606,0.9200632124563402,-0.47233024688636976,-0.4633865149686188,-0.9885224233312137,-0.7119392367183964,-0.40122329173606736,-0.9929500763713437,-0.522900965548924,-0.9098825256574593,-0.6654659472597242,-0.5166947340963643,-0.05017185697676577,1.3166695469156378,-0.41304209528636526,0.6488136461454179,-1.244094329477047
-1.1636284032699657,-1.5725166364367278,-1.5380734352516494,-0.7754254541876957,-0.9131219599649206,-0.7795248388404652,-1.6469848095205581,-0.3849909896093904,1.3100480432508752,1.3274792433642073,-0.8473931400859257,-0.927596710923136,-0.6200900555617855,-0.5340602492480826,0.7754254541876962,-1.1359384396159704,1.8756928012260952,-0.7749482276357731,-1.0873210584365156,0.022645422182824185,-0.41304209528636526,-1.5412746108855286,0.8037975708966928
0.7234346552061991,1.1862844801189352,1.509715251046432,-0.1262622443193856,-1.1419387392826768,-1.6586055705466567,-0.37768681861668507,0.4850451451010968,-0.47233024688636976,-1.358819394135032,-1.2707809898217894,-0.1368526388390909,-1.5856787194987771,-1.241574595710572,0.12626224431938607,0.26168964036700487,-1.300755634381179,0.16100403082919806,0.06268790028712151,-1.2713787025499892,-0.41304209528636526,0.6488136461454179,0.8037975708966928
0.2879585647886226,-0.5379662177283542,1.5784623642712008,0.1766805869524922,0.23096193662385972,0.4511881855482028,1.103128269084502,-0.820009056964634,-0.47233024688636976,1.3274792433642073,1.6223693167066136,-1.4307974840675284,0.31791036083414925,1.1665314630322385,-0.1766805869524917,0.6926868190689996,0.6051134269831855,-1.3766318223632548,-0.13471205521975074,0.022645422182824185,0.8930198660934462,-1.5412746108855286,0.8037975708966928
1.0137520488179168,-0.5379662177283542,-0.8047708941874494,0.5229009655489245,-0.5698967909882866,-0.07626025347551207,0.47013255531082726,0.4850451451010968,-1.3635193919549924,-1.358819394135032,-1.0590870649538575,-0.9994825356580492,0.045969063643731344,-1.111046723057477,-0.522900965548924,0.679174143500652,-1.9360453215026339,-0.9006969154227334,0.948295250555066,-1.2713787025499892,0.8930198660934462,0.6488136461454179,0.8037975708966928
-0.14751752562895395,-0.882816357297812,-1.5151577308433932,-1.2082009274332357,-0.9131219599649206,-0.07626025347551207,-0.24819504577035023,0.4850451451010968,0.41885889818225275,1.3274792433642073,1.6929339583292573,1.5165213300639127,0.15238087558780797,1.4955149788007527,1.208200927433236,0.23422811250276804,1.2404031141046403,1.8769165046816452,-0.48619505386961065,1.3166695469156378,0.8930198660934462,0.6488136461454179,0.8037975708966928
-1.5991044936875425,-1.22766649686727,1.0972325716978195,-0.5157601702403715,-0.9131219599649206,-0.7795248388404652,-0.5913036987105164,0.4850451451010968,0.41885889818225275,-0.4633865149686188,-1.0590870649538575,0.006919010630735487,-0.6200900555617855,-0.6555310858395339,0.5157601702403719,-0.10185956284648102,-0.03017626013826931,0.2390000523679456,-0.24936813541107034,1.3166695469156378,0.8930198660934462,0.6488136461454179,0.8037975708966928
-0.43783491924067164,0.4965842009800195,-1.4464106176186244,-1.0783682854595735,0.4597787159416158,0.27537203920696446,-0.3730333962610943,-0.3849909896093904,0.41885889818225275,0.43204636419779424,-0.07118208223684198,1.0852063816544333,0.0991070182671462,0.019306895224085272,1.078368285459574,-0.5913458743278218,0.6051134269831855,0.7795931671709894,-0.8256438537027356,1.3166695469156378,-0.41304209528636526,-1.5412746108855286,0.8037975708966928
0.7234346552061991,-1.22766649686727,0.31809862181710696,-1.3380335694068977,-0.7987135703060426,0.627004331889441,0.01429747734578575,0.05002707774585293,-1.3635193919549924,-1.358819394135032,1.5518046750839691,-0.5681675872485701,0.8714362636259934,0.8894927129113841,1.338033569406898,0.41095267874504166,-1.9360453215026339,-0.4115199570616088,-0.6551588581150573,0.022645422182824185,0.8930198660934462,0.6488136461454179,-1.244094329477047
0.4331172615944814,0.4965842009800195,1.5555466598629446,-0.5590377175649255,0.6885954952593719,0.9786366245719176,-1.1427993845546889,-0.3849909896093904,-1.3635193919549924,0.43204636419779424,0.9167229004801736,-0.0649668141041777,0.6351752075563037,0.5254353810218,0.5590377175649259,-1.2592884299351879,-0.6654659472597242,-0.25757461809541393,-0.8705223763816007,0.022645422182824185,0.8930198660934462,0.6488136461454179,-1.244094329477047
0.8685933520120579,1.5311346196883933,1.0284854584730507,-0.3426499809421558,1.603862612530396,-1.1311571315229418,0.26504438142169634,-1.2550271243198776,-0.47233024688636976,1.3274792433642073,-1.1296517065765015,-1.646454958272268,-1.193763320606704,-1.1486819181552559,0.34264998094215626,-0.5650002260036825,0.6051134269831855,-1.5801424499916674,-0.8862815598404212,0.022645422182824185,-0.41304209528636526,-1.5412746108855286,-1.244094329477047
-1.4539457968816836,-0.5379662177283542,0.959738345248282,0.9556764387944644,1.146229053894884,-1.6586055705466567,-1.1910285632732291,-1.2550271243198776,1.3100480432508752,1.3274792433642073,-1.2707809898217894,-0.35251011304383045,-1.5856787194987771,-0.9636092945859689,-0.9556764387944638,-1.4199940102190278,1.8756928012260952,-0.5677712954234748,-0.9562729123372328,0.022645422182824185,-1.7191040566661766,-1.5412746108855286,0.8037975708966928
-1.3087871000758247,1.1862844801189352,-1.1943378691278057,-0.6888703595385877,0.11655354696498167,0.8028204782306794,-0.8586170385144205,-0.3849909896093904,1.3100480432508752,0.43204636419779424,1.1284168253481057,-1.5745691335373548,0.6755543698663959,1.875111343149039,0.688870359538588,-0.8421083304571315,1.2404031141046403,-1.5024383921699098,-0.8225065594422709,1.3166695469156378,0.8930198660934462,0.6488136461454179,0.8037975708966928
1.5943868360413522,-0.882816357297812,-0.18604687516453058,-0.6023152648894795,1.146229053894884,0.9786366245719176,-1.6034062515788272,-1.690045191675121,-1.3635193919549924,-0.4633865149686188,0.21107648425373385,-1.5026833088024416,0.4963718371153612,-0.33344932215007944,0.60231526488948,-1.7103253601737152,-1.300755634381179,-1.4647255431190722,-1.4583241050539477,0.022645422182824185,-1.7191040566661766,0.6488136461454179,-1.244094329477047
-0.0023588288230951236,0.8414343405494774,1.1201482761060757,0.9123988914699104,-1.2563471289415549,1.5060850635956324,1.1544237757790772,0.4850451451010968,-1.3635193919549924,0.43204636419779424,1.3401107502160374,1.6602929795337389,2.132960414174847,1.0929127741889342,-0.9123988914699098,1.9496874816078686,-0.6654659472597242,2.2886629439675916,1.6838115872307862,1.3166695469156378,-0.41304209528636526,0.6488136461454179,-1.244094329477047
0.8685933520120579,-1.5725166364367278,-0.8047708941874494,-0.29937243361760174,-0.1122632323527744,-1.6586055705466567,-1.1382026941694177,-0.3849909896093904,0.41885889818225275,1.3274792433642073,-0.8473931400859257,1.0133205569195203,-1.5856787194987771,-0.941039462443373,0.2993724336176022,-0.9875310153553183,1.2404031141046403,0.939492623168773,-0.7895304786768149,1.3166695469156378,0.8930198660934462,0.6488136461454179,-1.244094329477047
-1.4539457968816836,-0.5379662177283542,-1.148506460311293,-0.38592752826670984,1.7182710021892742,0.0995558928657262,0.2564806554822308,0.9200632124563402,-0.47233024688636976,-0.4633865149686188,1.1284168253481057,0.6538914332449542,-0.2982271675827882,2.029150447522256,0.3859275282667103,-0.6100460490477135,-0.6654659472597242,0.08300800929045052,0.5056838654039905,0.022645422182824185,0.8930198660934462,-1.5412746108855286,0.8037975708966928
-0.5829936160465304,1.1862844801189352,0.6160027791244382,-1.2514784747577896,0.3453703262827378,-1.4827894242054183,-0.49689959891475827,-1.2550271243198776,1.3100480432508752,-1.358819394135032,1.6929339583292573,-0.1368526388390909,-1.429829321108947,1.8227532239285855,1.25147847475779,-0.6419652694004923,-0.03017626013826931,-0.24813299443546047,-1.2518271729970099,0.022645422182824185,0.8930198660934462,0.6488136461454179,0.8037975708966928
-0.7281523128523893,-0.882816357297812,1.1659796849225883,1.1720641754172345,1.2606374435537622,0.627004331889441,1.6409256354779451,-0.820009056964634,0.41885889818225275,-1.358819394135032,-0.9885224233312137,0.6538914332449542,0.19100442214528765,-0.800139224638881,-1.172064175417234,0.514419890515903,-0.6654659472597242,0.18860262306598558,0.5345237603734172,1.3166695469156378,-0.41304209528636526,0.6488136461454179,0.8037975708966928
0.5782759584003403,0.15173406141056162,0.959738345248282,0.003570397654276513,-0.45548840132940854,0.8028204782306794,1.030776796665043,-0.3849909896093904,1.3100480432508752,0.43204636419779424,1.0578521837254613,1.0852063816544333,0.9016776788029137,0.5755922579927444,-0.003570397654276032,1.105082947395434,1.2404031141046403,1.1655927882482673,0.14258993837885345,1.3166695469156378,-1.7191040566661766,0.6488136461454179,-1.244094329477047
-0.0023588288230951236,1.5311346196883933,-0.1631311707562743,-0.2560948862930477,-1.3707555186004328,-1.30697327786418,-0.8286835700265759,-0.820009056964634,1.3100480432508752,1.3274792433642073,0.06994720100844609,0.22257648483547507,-1.162658923869238,-0.011367558460624616,0.25609488629304816,-0.05315248105736554,1.8756928012260952,0.6735493152266825,-0.8811977500480425,-1.2713787025499892,-0.41304209528636526,0.6488136461454179,-1.244094329477047
-0.8733110096582481,0.15173406141056162,1.2576425025556133,1.3884519120400047,-1.4851639082593109,-0.7795248388404652,-0.2571895144474268,0.9200632124563402,-0.47233024688636976,-0.4633865149686188,0.49333505074430967,0.8695489074496938,-0.5023353404475183,0.8066178731316412,-1.388451912040004,0.6537968759877781,-0.6654659472597242,1.5173738688079064,1.3762372302044974,1.3166695469156378,0.8930198660934462,0.6488136461454179,0.8037975708966928
-0.0023588288230951236,1.5311346196883933,1.1201482761060757,0.003570397654276513,-0.9131219599649206,0.27537203920696446,-0.14400853326530005,0.05002707774585293,0.41885889818225275,-1.358819394135032,-0.0006174406141979493,0.5101197837751278,0.5386163411626046,-0.07271646583004439,-0.003570397654276032,0.33628267303486287,-0.6654659472597242,0.7849722031391788,-0.025722050919197187,1.3166695469156378,0.8930198660934462,0.6488136461454179,-1.244094329477047
1.1589107456237755,-1.5725166364367278,-1.125590755903037,-0.5590377175649255,-0.9131219599649206,0.8028204782306794,1.3708940638615714,1.3550812798115834,1.3100480432508752,-1.358819394135032,0.5638996923669537,1.7321788042686521,1.1179695395247997,0.01107716374769985,0.5590377175649259,1.8201860601572435,-0.03017626013826931,2.110904569297888,1.2907780163417064,1.3166695469156378,0.8930198660934462,0.6488136461454179,-1.244094329477047
-0.0023588288230951236,1.1862844801189352,-1.240169277944318,1.56156210133822,1.603862612530396,-0.6037086924992269,-1.4730866122026447,-0.3849909896093904,1.3100480432508752,-1.358819394135032,0.49333505074430967,1.1570922063893465,-0.8018479217146309,0.35672588575589487,-1.5615621013382193,-1.7167346266304628,-0.03017626013826931,0.4775761182511737,-0.408390431369811,1.3166695469156378,0.8930198660934462,0.6488136461454179,0.8037975708966928
-1.3087871000758247,-1.22766649686727,1.5784623642712008,-1.0350907381350194,0.4597787159416158,0.27537203920696446,-1.734385662757985,0.05002707774585293,-0.47233024688636976,-0.4633865149686188,0.06994720100844609,-0.927596710923136,0.0991070182671462,0.6097901286547524,1.0350907381350198,-1.6489454620894985,-0.6654659472597242,-0.9524564145860263,-1.0617848058442994,0.022645422182824185,0.8930198660934462,0.6488136461454179,0.8037975708966928
-0.2926762224348128,-1.5725166364367278,-0.02563694430673681,-0.6888703595385877,-0.5698967909882866,1.5060850635956324,-0.2578002586217308,0.9200632124563402,-1.3635193919549924,-0.4633865149686188,1.1989814669707495,-0.0649668141041777,1.6776168467862398,1.1404087024749368,0.688870359538588,0.009792243815510679,-1.300755634381179,0.05117289845830867,0.026816992437197037,0.022645422182824185,-1.7191040566661766,0.6488136461454179,-1.244094329477047
1.0137520488179168,-1.22766649686727,-1.0568436426782681,-1.4678662113805596,1.031820664236006,-0.07626025347551207,-0.2645639701942684,0.9200632124563402,1.3100480432508752,1.3274792433642073,-0.3534406487274178,-0.7838250614533097,-0.31661933261015957,-0.6049182372597625,1.4678662113805603,-0.7277305755461119,1.8756928012260952,-0.8925612759878528,-0.48140187724150013,-1.2713787025499892,-0.41304209528636526,-1.5412746108855286,0.8037975708966928
-0.0023588288230951236,-1.22766649686727,1.1888953893308445,1.4750070066891119,-1.3707555186004328,0.4511881855482028,1.5756117289568874,1.7900993471668274,0.41885889818225275,0.43204636419779424,0.3522057674990219,0.43823395904021467,0.952440054278458,0.23402807101705533,-1.4750070066891112,2.5262390201998253,0.6051134269831855,0.9298219574254244,4.255506990030389,-1.2713787025499892,-0.41304209528636526,0.6488136461454179,-1.244094329477047
-1.018469706464107,0.8414343405494774,0.9368226408400258,-0.9918131908104655,1.2606374435537622,1.6819012099368706,-1.1870230060107934,-0.3849909896093904,-1.3635193919549924,0.43204636419779424,0.9872875421028176,-0.0649668141041777,1.0110120259810098,1.4468487782432804,0.9918131908104658,-1.4459449691016801,-0.6654659472597242,-0.3633692216697665,-1.0149381912689412,1.3166695469156378,0.8930198660934462,-1.5412746108855286,-1.244094329477047
-0.0023588288230951236,-1.22766649686727,0.8451598232070008,0.9556764387944644,-0.45548840132940854,0.627004331889441,0.14234573672510184,1.3550812798115834,1.3100480432508752,-1.358819394135032,-1.2707809898217894,-0.2806242883089173,0.7240093646385071,-1.1769967984796035,-0.9556764387944638,0.3044518093642811,-0.03017626013826931,-0.1977776682490408,1.8058259062785451,0.022645422182824185,-1.7191040566661766,0.6488136461454179,-1.244094329477047
-0.2926762224348128,-0.882816357297812,-0.8047708941874494,1.3884519120400047,-0.3410800116705305,-1.30697327786418,-0.48673477070183097,0.4850451451010968,0.41885889818225275,1.3274792433642073,-1.0590870649538575,1.0852063816544333,-1.2373094760391568,-0.9494121421091747,-1.388451912040004,-0.3217697421103151,1.2404031141046403,1.1107202930951245,0.8115197695029461,-1.2713787025499892,0.8930198660934462,0.6488136461454179,-1.244094329477047
-1.5991044936875425,1.1862844801189352,-1.3547477999855995,-0.6023152648894795,-1.0275303496237986,0.9786366245719176,1.0455621286828818,0.4850451451010968,0.41885889818225275,1.3274792433642073,1.0578521837254613,1.4446355053289994,1.3754598499079973,2.105169745784363,0.60231526488948,1.6079291830644769,1.2404031141046403,1.8751832597585618,0.43569058541678074,-1.2713787025499892,0.8930198660934462,0.6488136461454179,0.8037975708966928
1.0137520488179168,-0.5379662177283542,1.509715251046432,-0.9918131908104655,1.37504583321264,0.0995558928657262,1.45022216784094,1.3550812798115834,-0.47233024688636976,1.3274792433642073,-0.4945699319727059,-1.2151400098627887,-0.23970664249569779,-0.7061439344193055,0.9918131908104658,0.32662347252189494,0.6051134269831855,-1.2523784200850765,0.8701939695107228,1.3166695469156378,-1.7191040566661766,-1.5412746108855286,0.8037975708966928
-0.2926762224348128,-0.5379662177283542,1.1888953893308445,1.1720641754172345,0.11655354696498167,-1.30697327786418,-0.6011253335227454,0.05002707774585293,-1.3635193919549924,1.3274792433642073,1.1989814669707495,-0.20873846357400408,-1.2626454210180382,1.1404087024749368,-1.172064175417234,-0.6311584414829835,-0.03017626013826931,-0.2630107044450843,0.2765731754578068,1.3166695469156378,0.8930198660934462,-1.5412746108855286,0.8037975708966928
-1.018469706464107,-0.19311607815889628,0.3410143262253632,0.21995813427704622,-0.6843051806471646,-1.6586055705466567,-1.4746463911890837,-0.820009056964634,-0.47233024688636976,-1.358819394135032,0.8461582588575295,1.5165213300639127,-1.5856787194987771,1.2911169364593675,-0.21995813427704572,-1.063800097460361,-1.300755634381179,1.7306739642964935,-0.9638865145087057,1.3166695469156378,0.8930198660934462,0.6488136461454179,0.8037975708966928
-0.0023588288230951236,1.5311346196883933,-0.3693725104305806,0.7825662494962483,0.5741871056004938,-1.6586055705466567,-1.4588076655495097,-0.3849909896093904,1.3100480432508752,-1.358819394135032,1.6929339583292573,-1.2151400098627887,-1.5856787194987771,1.3996573110360342,-0.7825662494962476,-1.4662532118907265,-0.03017626013826931,-1.2072312622657808,-0.6105949301400574,-1.2713787025499892,0.8930198660934462,0.6488136461454179,0.8037975708966928
-1.4539457968816836,0.4965842009800195,1.5326309554546884,-1.0783682854595735,1.4894542228715182,-1.1311571315229418,-1.1066478119619474,1.3550812798115834,0.41885889818225275,-0.4633865149686188,1.3401107502160374,0.7976630827147806,-1.1879138370411508,2.293217483590629,1.078368285459574,-1.4468567707554107,-0.03017626013826931,0.24132829181686333,-0.4405817394628294,-1.2713787025499892,-0.41304209528636526,0.6488136461454179,0.8037975708966928
0.4331172615944814,-1.5725166364367278,0.9826540496565382,1.691394743311882,1.7182710021892742,-1.4827894242054183,0.6062717742102796,-0.820009056964634,0.41885889818225275,0.43204636419779424,0.3522057674990219,-0.49628176251365685,-1.4569335643071781,0.07554339364605363,-1.6913947433118814,-0.3816237831100408,0.6051134269831855,-0.7489495537895239,0.3139765568846149,0.022645422182824185,0.8930198660934462,0.6488136461454179,0.8037975708966928
0.8685933520120579,-0.882816357297812,0.22643580418408196,-1.3813111167314518,-0.22667162201165245,0.627004331889441,0.4368308887332722,1.7900993471668274,1.3100480432508752,1.3274792433642073,-1.6941688395576533,1.5165213300639127,0.6351752075563037,-1.5639668295790217,1.381311116731452,0.42148323427780043,1.8756928012260952,1.4719371620766097,0.22723661931588662,0.022645422182824185,-0.41304209528636526,0.6488136461454179,0.8037975708966928
0.14279986798276373,1.5311346196883933,1.5326309554546884,-1.6409764006787757,-0.6843051806471646,-0.42789254615798866,0.3210976692814626,1.3550812798115834,-1.3635193919549924,-1.358819394135032,0.5638996923669537,-0.1368526388390909,-0.29018059538331326,0.35672588575589487,1.6409764006787764,0.6219063541236184,-1.9360453215026339,0.011511656213265107,-0.2381225951258434,1.3166695469156378,0.8930198660934462,0.6488136461454179,0.8037975708966928
-0.8733110096582481,0.8414343405494774,0.6160027791244382,0.046847944978830554,0.11655354696498167,0.0995558928657262,1.2194638279742718,0.9200632124563402,0.41885889818225275,1.3274792433642073,1.2695461085933937,-1.1432541851278757,0.029487772904918084,1.6314198499871764,-0.04684794497883007,0.8603578832768757,1.2404031141046403,-1.1110401749936492,1.4308145359889497,0.022645422182824185,0.8930198660934462,0.6488136461454179,0.8037975708966928
0.5782759584003403,-0.5379662177283542,0.6618341879409507,-0.2560948862930477,-1.4851639082593109,1.6819012099368706,-0.8120583011441769,0.4850451451010968,-0.47233024688636976,-0.4633865149686188,0.8461582588575295,0.006919010630735487,2.5310261208960076,0.41144247881510726,0.25609488629304816,0.04400001297458899,-0.6654659472597242,0.4672810910179385,-0.22607315479371504,0.022645422182824185,-1.7191040566661766,-1.5412746108855286,-1.244094329477047
1.4492281392354933,-0.882816357297812,-1.4005792088021118,1.1720641754172345,-1.0275303496237986,1.3302689172543942,1.058698031193283,0.05002707774585293,1.3100480432508752,-0.4633865149686188,-0.3534406487274178,1.0133205569195203,1.7702783258289005,-0.6790719456440789,-1.172064175417234,1.6210822233573774,0.6051134269831855,1.3968076609875766,1.3108019709581873,0.022645422182824185,-1.7191040566661766,0.6488136461454179,0.8037975708966928
0.5782759584003403,0.4965842009800195,1.5784623642712008,-1.3813111167314518,0.4597787159416158,1.3302689172543942,-0.38299230843360266,-0.820009056964634,-0.47233024688636976,1.3274792433642073,0.9167229004801736,0.43823395904021467,1.0180810570485588,0.46615907187431965,1.381311116731452,-0.5990826972408969,0.6051134269831855,0.22286294446337732,-1.1062647284492078,0.022645422182824185,0.8930198660934462,0.6488136461454179,0.8037975708966928
0.2879585647886226,-1.5725166364367278,1.3951367290051508,-0.3426499809421558,-1.2563471289415549,-1.6586055705466567,-1.3023079728576092,-1.2550271243198776,-0.47233024688636976,0.43204636419779424,-1.4824749146897214,-1.0713683603929625,-1.5856787194987771,-1.3785717798362689,0.34264998094215626,-0.624665118316105,-0.03017626013826931,-0.8819660246307989,-1.2133539465673127,0.022645422182824185,0.8930198660934462,-1.5412746108855286,0.8037975708966928
-0.5829936160465304,1.1862844801189352,-1.3776635043938557,0.1766805869524922,-0.1122632323527744,-0.07626025347551207,0.2692355432783874,1.3550812798115834,-0.47233024688636976,-0.4633865149686188,1.1989814669707495,-0.7119392367183964,-0.07717416527268457,1.3340774445376884,-0.1766805869524917,0.20902276691009244,-0.6654659472597242,-0.6851792217138183,1.2661184919179576,1.3166695469156378,-1.7191040566661766,0.6488136461454179,0.8037975708966928
0.14279986798276373,0.15173406141056162,-0.7589394853709369,0.5661785128734785,0.23096193662385972,1.5060850635956324,-1.237187375272455,-0.820009056964634,0.41885889818225275,-1.358819394135032,-0.7768284984632817,-0.1368526388390909,1.2697049010006127,-0.7746201413213492,-0.566178512873478,-1.1903775093433173,-0.6654659472597242,-0.22340493246891513,-0.8040162202125791,1.3166695469156378,0.8930198660934462,0.6488136461454179,-1.244094329477047
-1.3087871000758247,-1.22766649686727,-1.1714221647195495,-0.6455928122140336,0.9174122745771279,0.0995558928657262,-0.12467133612268924,0.9200632124563402,0.41885889818225275,0.43204636419779424,0.14051184263108982,0.6538914332449542,-0.15286973430195083,0.6941448762877045,0.645592812214034,-0.5847798894103404,0.6051134269831855,0.2767400627899202,0.12169786033922388,0.022645422182824185,0.8930198660934462,0.6488136461454179,0.8037975708966928
0.2879585647886226,-0.19311607815889628,0.9139069364317696,0.21995813427704622,-0.45548840132940854,-0.07626025347551207,0.31241417584910036,0.4850451451010968,0.41885889818225275,0.43204636419779424,1.4812400334613256,0.29446230957038827,0.013336107980881027,1.0508449519927607,-0.21995813427704572,0.4577130967040478,0.6051134269831855,0.3762730502761416,0.6503696442260543,0.022645422182824185,0.8930198660934462,0.6488136461454179,-1.244094329477047
0.4331172615944814,0.4965842009800195,0.868075527615257,-1.5544213060296677,-0.7987135703060426,0.9786366245719176,0.7642507004986591,1.3550812798115834,0.41885889818225275,1.3274792433642073,1.4812400334613256,-1.3589116593326152,1.2494539533374964,0.9753273683975463,1.5544213060296683,1.1299297915802475,1.2404031141046403,-1.2512218059681255,0.003335832304015245,0.022645422182824185,-1.7191040566661766,0.6488136461454179,0.8037975708966928
-1.018469706464107,0.15173406141056162,1.0972325716978195,-0.38592752826670984,1.603862612530396,1.3302689172543942,-1.5355099898161886,0.9200632124563402,0.41885889818225275,-0.4633865149686188,-0.8473931400859257,-0.4243959377787437,0.6351752075563037,-0.577665164947578,0.3859275282667103,-1.7580981093970403,-0.03017626013826931,-0.68318820229607,-0.4774697968278611,1.3166695469156378,-0.41304209528636526,0.6488136461454179,0.8037975708966928
-1.4539457968816836,-1.5725166364367278,-1.4693263220268806,1.2586192700663428,1.603862612530396,-0.7795248388404652,0.13124308001516427,1.3550812798115834,0.41885889818225275,-0.4633865149686188,1.1989814669707495,-0.5681675872485701,-0.9324863880119887,2.1171727928783803,-1.258619270066342,-0.6536607252662838,-0.03017626013826931,-0.7887122314367285,2.0412528807065287,0.022645422182824185,0.8930198660934462,0.6488136461454179,0.8037975708966928
-0.43783491924067164,-1.22766649686727,0.8222441187987445,1.3884519120400047,1.2606374435537622,1.5060850635956324,1.3757351919955034,0.9200632124563402,0.41885889818225275,1.3274792433642073,0.06994720100844609,1.6602929795337389,0.8743440920083896,0.15427449143680944,-1.388451912040004,0.3305869810767477,1.2404031141046403,0.9613632056960387,2.7968534271738474,0.022645422182824185,-1.7191040566661766,-1.5412746108855286,-1.244094329477047
-1.3087871000758247,0.8414343405494774,0.2951829174088507,-0.5157601702403715,0.3453703262827378,0.9786366245719176,-1.6831559931647682,0.4850451451010968,1.3100480432508752,1.3274792433642073,1.2695461085933937,-0.927596710923136,0.7520622563486763,2.043820838414944,0.5157601702403719,-1.579705305810337,1.8756928012260952,-0.9405187294987286,-0.7510568940591545,0.022645422182824185,0.8930198660934462,-1.5412746108855286,0.8037975708966928
-0.0023588288230951236,-0.5379662177283542,0.6389184835326945,1.2153417227417886,-1.1419387392826768,1.1544527709131558,-0.9720340527088642,1.3550812798115834,0.41885889818225275,-0.4633865149686188,1.1284168253481057,-0.49628176251365685,1.6446542653086134,0.9088660520806748,-1.215341722741788,-0.3469585248617096,-0.03017626013826931,-0.2467024453960735,0.9653090724412499,1.3166695469156378,0.8930198660934462,0.6488136461454179,-1.244094329477047
-0.2926762224348128,0.4965842009800195,-0.04855264871499306,-1.0350907381350194,1.37504583321264,-0.6037086924992269,1.6638838731952708,0.4850451451010968,-0.47233024688636976,-0.4633865149686188,1.0578521837254613,0.15069066010056187,-0.7780954732969295,1.0097948996884294,1.0350907381350198,0.4724919676642285,-0.6654659472597242,-0.2195220136477221,0.33363896809908605,0.022645422182824185,-0.41304209528636526,0.6488136461454179,0.8037975708966928
-1.4539457968816836,-1.5725166364367278,-0.8506023030039619,0.3065132289261543,1.2606374435537622,0.627004331889441,0.14009396777970384,1.7900993471668274,1.3100480432508752,1.3274792433642073,1.1989814669707495,-0.8557108861882229,0.19100442214528765,2.1171727928783803,-0.3065132289261538,-0.525973000073515,1.8756928012260952,-0.970538250879094,1.6125955036291575,-1.2713787025499892,-0.41304209528636526,-1.5412746108855286,0.8037975708966928
1.5943868360413522,-0.882816357297812,1.418052433413407,-1.4678662113805596,-1.3707555186004328,-0.6037086924992269,-1.0793121073989802,1.3550812798115834,-1.3635193919549924,1.3274792433642073,-0.9885224233312137,0.8695489074496938,-0.31661933261015957,-1.1156478911101837,1.4678662113805603,-0.322033395787028,-0.03017626013826931,1.4423672418229085,-0.6469050649503911,1.3166695469156378,0.8930198660934462,0.6488136461454179,0.8037975708966928
-0.0023588288230951236,0.4965842009800195,-1.675567661701187,-0.29937243361760174,1.146229053894884,0.8028204782306794,-1.0819539961896618,0.05002707774585293,0.41885889818225275,0.43204636419779424,-0.14174672385948603,-0.2806242883089173,0.35756846667441866,-0.1954142805688845,0.2993724336176022,-1.3432008974848895,0.6051134269831855,-0.5117116549424999,-0.5749102292533129,0.022645422182824185,0.8930198660934462,0.6488136461454179,0.8037975708966928
-1.3087871000758247,-1.5725166364367278,-0.6443609633296556,-1.5544213060296677,1.7182710021892742,-1.1311571315229418,0.941725813525483,-0.3849909896093904,0.41885889818225275,-0.4633865149686188,0.06994720100844609,0.941434732184607,-1.1994432539239805,0.6097901286547524,1.5544213060296683,-0.1625639852027718,-0.03017626013826931,0.2909974000604442,-0.7356970064647023,0.022645422182824185,-0.41304209528636526,0.6488136461454179,-1.244094329477047
1.4492281392354933,-1.22766649686727,1.5784623642712008,0.26323568160160027,-0.22667162201165245,-0.6037086924992269,1.5222647661997704,-0.820009056964634,-0.47233024688636976,0.43204636419779424,-0.2828760071047738,0.7257772579798675,-0.5606692147041243,-0.631990226034989,-0.26323568160159977,1.3620264957457677,-0.03017626013826931,0.7129758755649503,0.043671306087125335,1.3166695469156378,0.8930198660934462,0.6488136461454179,-1.244094329477047
-0.7281523128523893,-1.22766649686727,1.211811093739101,-1.2514784747577896,0.9174122745771279,-0.7795248388404652,0.8709810465370484,1.3550812798115834,0.41885889818225275,-0.4633865149686188,-1.4824749146897214,-0.8557108861882229,-0.869274226900364,-1.3062677104365954,1.25147847475779,0.13881384151567455,-0.03017626013826931,-0.9384882727976632,0.33477484937592034,1.3166695469156378,-0.41304209528636526,-1.5412746108855286,-1.244094329477047
-0.7281523128523893,0.4965842009800195,1.5555466598629446,-0.5157601702403715,-0.22667162201165245,-0.42789254615798866,-1.2536487517961532,0.9200632124563402,-1.3635193919549924,1.3274792433642073,1.1284168253481057,0.29446230957038827,-0.38983429723834906,1.3689828573513239,0.5157601702403719,-1.0433404344470751,-0.03017626013826931,0.298996992013136,-0.38372021551569435,1.3166695469156378,-0.41304209528636526,0.6488136461454179,-1.244094329477047
